ts_code,trade_date,open,high,low,close,pre_close,vol,amount
02618.HK,20210528,46.05,47.75,41.25,41.7,40.36,158666916.0,7166974069.65
02618.HK,20210531,41.7,43.2,40.4,41.55,41.7,23839000.0,998166022.2
02618.HK,20210601,43.15,46.05,42.2,45.8,41.55,42380110.0,1877928517.9
02618.HK,20210602,46.0,48.15,45.0,45.4,45.8,46880752.0,2187613236.2
02618.HK,20210603,45.5,47.0,45.5,47.0,45.4,21285150.0,983273347.7
02618.HK,20210604,46.5,47.9,46.35,46.95,47.0,19974835.0,944803274.6
02618.HK,20210607,47.5,47.5,45.5,45.9,46.95,10892372.0,499762921.8
02618.HK,20210608,46.0,46.15,44.2,45.3,45.9,12963544.0,581227441.35
02618.HK,20210609,45.4,45.7,44.5,44.65,45.3,5893300.0,265120137.5
02618.HK,20210610,44.65,45.2,43.85,43.9,44.65,7720218.0,342461590.05
02618.HK,20210611,45.5,45.8,42.75,42.75,43.9,16151882.0,705895859.33
02618.HK,20210615,43.25,43.25,41.8,42.0,42.75,8373600.0,353188332.75
02618.HK,20210616,42.0,42.45,41.25,41.6,42.0,5603353.0,234435337.45
02618.HK,20210617,41.6,43.65,40.85,42.0,41.6,7761394.0,328308391.6
02618.HK,20210618,42.1,43.0,41.6,41.9,42.0,4950420.0,208375321.0
02618.HK,20210621,41.15,41.3,40.5,41.0,41.9,7371500.0,301803434.95
02618.HK,20210622,41.5,41.95,40.95,41.05,41.0,4985237.0,206255139.85
02618.HK,20210623,41.55,41.55,40.75,40.9,41.05,4618220.0,189042490.0
02618.HK,20210624,41.05,41.4,40.45,40.85,40.9,4841341.0,196945783.3
02618.HK,20210625,40.95,41.5,40.95,41.3,40.85,4646820.0,191891712.0
02618.HK,20210628,41.3,42.45,41.25,42.0,41.3,3412711.0,143181169.7
02618.HK,20210629,41.9,42.35,41.6,42.05,42.0,3045512.0,127782277.4
02618.HK,20210630,42.05,43.1,41.8,42.3,42.05,7061868.0,300175554.5
02618.HK,20210702,42.5,42.65,41.05,41.4,42.3,4345350.0,180140805.0
02618.HK,20210705,41.3,41.85,40.5,40.5,41.4,4648000.0,189767230.0
02618.HK,20210706,40.8,40.9,36.75,39.0,40.5,13880676.0,534733265.35
02618.HK,20210707,38.55,39.35,37.7,39.25,39.0,5068127.0,195963758.35
02618.HK,20210708,39.5,39.55,37.7,38.25,39.25,5576583.0,212627922.95
02618.HK,20210709,38.25,38.9,38.0,38.7,38.25,3021607.0,116223481.35
02618.HK,20210712,39.1,39.1,38.15,38.6,38.7,2176900.0,83872982.5
02618.HK,20210713,38.6,39.8,38.45,39.6,38.6,3511035.0,137488549.6
02618.HK,20210714,40.0,40.0,39.0,39.15,39.6,3084700.0,121658562.7
02618.HK,20210715,39.45,39.5,38.6,39.0,39.15,2167500.0,84542289.45
02618.HK,20210716,38.9,39.05,37.8,38.0,39.0,4540400.0,173679137.7
02618.HK,20210719,37.9,37.95,36.65,37.15,38.0,6321831.0,233847913.15
02618.HK,20210720,37.15,37.25,36.5,36.6,37.15,5446300.0,199713866.4
02618.HK,20210721,36.95,37.25,34.5,34.55,36.6,11058600.0,388098038.5
02618.HK,20210722,34.75,35.55,34.6,34.8,34.55,5503634.0,192717996.4
02618.HK,20210723,34.9,35.15,34.0,34.2,34.8,3248430.0,112402559.5
02618.HK,20210726,33.95,33.95,30.05,30.1,34.2,17415389.0,540464243.15
02618.HK,20210727,30.0,30.9,26.1,26.8,30.1,22991845.0,630178388.85
02618.HK,20210728,27.1,27.55,25.25,27.4,26.8,13368280.0,353265744.8
02618.HK,20210729,28.55,30.1,27.8,29.25,27.4,10330775.0,301517614.0
02618.HK,20210730,28.6,29.05,27.2,28.05,29.25,4063760.0,113025086.9
02618.HK,20210802,28.05,29.4,27.15,29.2,28.05,3308500.0,95194017.5
02618.HK,20210803,29.5,29.8,27.65,28.3,29.2,4466200.0,125905680.0
02618.HK,20210804,28.3,29.55,28.15,29.4,28.3,3739272.0,108713997.9
02618.HK,20210805,29.5,29.65,28.5,28.8,29.4,2978307.0,86402584.8
02618.HK,20210806,29.3,29.5,28.0,28.65,28.8,3034599.0,86750322.85
02618.HK,20210809,28.6,29.15,28.3,28.8,28.65,1873700.0,54008989.9
02618.HK,20210810,29.0,30.45,28.9,30.15,28.8,3993200.0,118656899.3
02618.HK,20210811,30.2,31.3,29.75,31.05,30.15,5950415.0,182471344.0
02618.HK,20210812,31.05,31.05,29.3,29.35,31.05,5649285.0,168541729.5
02618.HK,20210813,29.25,29.7,28.45,28.45,29.35,3932149.0,113481517.9
02618.HK,20210816,28.4,28.45,26.9,27.3,28.45,6857048.0,187905941.2
02618.HK,20210817,26.9,28.25,26.8,27.05,27.3,5083798.0,138525958.1
02618.HK,20210818,27.05,28.15,27.05,27.3,27.05,3769520.0,103740764.0
02618.HK,20210819,27.3,27.9,26.5,26.6,27.3,3860113.0,104292007.15
02618.HK,20210820,26.6,26.95,25.0,25.05,26.6,8902612.0,227185799.3
02618.HK,20210823,25.05,26.3,24.9,24.95,25.05,7001600.0,178407299.0
02618.HK,20210824,25.55,27.6,25.55,26.75,24.95,11184212.0,296571168.6
02618.HK,20210825,27.7,28.7,27.3,28.35,26.75,11101500.0,312574992.7
02618.HK,20210826,28.6,29.5,28.05,28.95,28.35,11398190.0,328595533.9
02618.HK,20210827,29.1,30.7,28.6,30.6,28.95,13282300.0,399739159.4
02618.HK,20210830,31.0,33.3,30.8,33.15,30.6,13503420.0,437244681.02
02618.HK,20210831,33.25,33.65,32.05,33.6,33.15,8125750.0,267800367.5
02618.HK,20210901,33.9,33.9,32.2,33.2,33.6,6608490.0,215870001.7
02618.HK,20210902,33.0,34.2,32.75,34.0,33.2,8234385.0,274969475.5
02618.HK,20210903,34.0,34.2,33.05,33.85,34.0,17991039.0,606954946.3
02618.HK,20210906,33.85,35.2,33.7,35.0,33.85,7218516.0,250629870.2
02618.HK,20210907,35.0,36.0,34.9,35.0,35.0,6620892.0,235273565.75
02618.HK,20210908,35.3,35.95,34.55,34.75,35.0,4810620.0,169133885.0
02618.HK,20210909,34.75,34.75,33.15,33.5,34.75,4361000.0,146772339.0
02618.HK,20210910,33.95,36.0,33.8,35.7,33.5,6301450.0,223732642.5
02618.HK,20210913,35.7,35.7,33.85,34.3,35.7,6026100.0,207873525.0
02618.HK,20210914,34.45,34.55,31.6,32.7,34.3,8867300.0,288137391.2
02618.HK,20210915,32.65,32.8,31.2,31.8,32.7,4787100.0,152242312.1
02618.HK,20210916,32.2,32.2,30.3,31.9,31.8,4522915.0,140160322.0
02618.HK,20210917,32.3,32.5,31.1,31.95,31.9,3063299.0,98024883.25
02618.HK,20210920,31.95,32.7,29.8,32.55,31.95,3494625.0,109520137.5
02618.HK,20210921,32.55,32.7,31.7,32.0,32.55,2329600.0,74947037.5
02618.HK,20210923,32.8,33.5,31.1,31.25,32.0,4864680.0,155537134.5
02618.HK,20210924,31.9,32.15,31.25,31.65,31.25,1968200.0,62368330.0
02618.HK,20210927,31.65,32.3,31.6,31.85,31.65,1997200.0,63757950.0
02618.HK,20210928,31.9,32.7,31.3,31.3,31.85,4380800.0,139973914.3
02618.HK,20210929,31.0,32.65,30.4,31.65,31.3,4977000.0,157935250.8
02618.HK,20210930,31.55,32.95,31.35,32.4,31.65,2358017.0,76615763.25
02618.HK,20211004,32.4,32.9,31.7,32.1,32.4,1755650.0,56330360.0
02618.HK,20211005,31.65,32.05,31.1,31.7,32.1,1801100.0,57051540.0
02618.HK,20211006,31.7,31.95,30.8,31.25,31.7,1598750.0,49671915.0
02618.HK,20211007,32.05,32.5,31.75,31.9,31.25,3411054.0,109583811.9
02618.HK,20211008,31.9,32.45,30.5,30.75,31.9,4681917.0,146082887.85
02618.HK,20211011,30.85,31.6,30.85,31.0,30.75,2799600.0,87057585.0
02618.HK,20211012,30.1,31.15,30.1,30.3,31.0,2471000.0,75449260.0
02618.HK,20211015,30.6,30.85,29.6,29.9,30.3,3823560.0,115034063.3
02618.HK,20211018,29.9,29.95,28.7,29.75,29.9,4260967.0,124487992.25
02618.HK,20211019,29.75,30.5,29.35,30.4,29.75,2520875.0,75866895.0
02618.HK,20211020,30.75,31.3,30.55,31.05,30.4,4615616.0,143028974.4
02618.HK,20211021,31.0,32.35,30.85,31.9,31.05,5945730.0,188841264.5
02618.HK,20211022,32.3,33.0,31.75,32.6,31.9,4485200.0,146067957.7
02618.HK,20211025,32.5,32.7,31.85,32.1,32.6,2447900.0,78836950.5
02618.HK,20211026,32.1,32.85,32.1,32.65,32.1,3870550.0,125926881.7
02618.HK,20211027,32.45,32.45,31.65,31.7,32.65,1926460.0,61526198.2
02618.HK,20211028,31.75,32.15,30.7,30.9,31.7,2622100.0,81945327.2
02618.HK,20211029,31.0,31.2,30.3,30.75,30.9,1969361.0,60417582.7
02618.HK,20211101,30.65,30.85,29.75,30.6,30.75,2594520.0,78544815.1
02618.HK,20211102,31.4,32.45,31.2,31.3,30.6,4912820.0,156136859.0
02618.HK,20211103,31.0,31.35,30.15,30.55,31.3,2112415.0,64627708.9
02618.HK,20211104,30.7,32.55,30.65,32.55,30.55,6622600.0,211544417.4
02618.HK,20211105,31.8,32.45,31.4,32.0,32.55,2672286.0,85724571.8
02618.HK,20211108,31.2,32.45,31.2,31.8,32.0,2082108.0,66490552.8
02618.HK,20211109,31.85,33.2,31.65,32.9,31.8,8965799.0,291175872.55
02618.HK,20211110,32.8,33.15,32.3,32.75,32.9,5237818.0,171258228.1
02618.HK,20211111,32.8,33.75,32.5,33.4,32.75,7453280.0,247955876.9
02618.HK,20211112,33.6,33.8,31.6,32.05,33.4,8656537.0,277653110.3
02618.HK,20211115,32.05,32.4,30.05,30.1,32.05,8213404.0,251549856.8
02618.HK,20211116,30.0,30.75,29.4,30.55,30.1,6001400.0,181681545.0
02618.HK,20211117,30.2,31.2,30.2,31.1,30.55,3753004.0,115556018.7
02618.HK,20211118,30.8,31.3,30.6,30.7,31.1,2849950.0,87790138.5
02618.HK,20211119,30.6,31.65,30.4,31.5,30.7,6306140.0,195965169.45
02618.HK,20211122,31.45,31.45,29.7,29.9,31.5,8690500.0,260746057.8
02618.HK,20211123,29.75,29.75,28.1,28.3,29.9,10220600.0,290585368.3
02618.HK,20211124,27.8,28.2,27.5,27.65,28.3,6306956.0,174690211.0
02618.HK,20211125,27.7,27.9,27.05,27.3,27.65,5506950.0,149783922.1
02618.HK,20211126,27.05,27.3,26.1,26.15,27.3,8627560.0,228602481.25
02618.HK,20211129,26.2,26.6,25.0,25.0,26.15,14480261.0,370982216.9
02618.HK,20211130,25.2,25.5,24.55,24.75,25.0,15649231.0,391034229.55
02618.HK,20211201,25.45,25.45,24.7,24.9,24.75,9128603.0,227264831.35
02618.HK,20211202,24.8,27.1,24.6,26.3,24.9,17843133.0,470194887.85
02618.HK,20211203,26.05,26.45,25.7,25.75,26.3,9570216.0,249159756.0
02618.HK,20211206,25.35,26.3,25.05,25.15,25.75,4875339.0,124699513.2
02618.HK,20211207,25.8,27.05,25.6,26.9,25.15,7967636.0,211190606.2
02618.HK,20211208,27.0,27.6,26.95,27.2,26.9,8610452.0,234599110.2
02618.HK,20211209,27.2,28.7,27.05,28.3,27.2,8380399.0,236085560.5
02618.HK,20211210,28.35,28.5,27.7,28.0,28.3,5192300.0,145735977.5
02618.HK,20211213,28.1,29.05,28.1,28.6,28.0,6791047.0,194490552.8
02618.HK,20211214,28.2,28.35,27.3,27.45,28.6,8021143.0,224176880.18
02618.HK,20211215,27.95,27.95,26.7,26.95,27.45,4205113.0,113742271.2
02618.HK,20211216,26.85,28.1,26.6,27.8,26.95,4236710.0,116050855.5
02618.HK,20211217,28.15,28.15,27.0,27.05,27.8,18280990.0,496936688.1
02618.HK,20211220,26.8,27.25,25.85,25.95,27.05,3397964.0,89809540.5
02618.HK,20211221,25.9,26.3,25.65,26.05,25.95,3682458.0,95835580.4
02618.HK,20211222,26.3,26.9,26.05,26.45,26.05,3279369.0,86605056.65
02618.HK,20211223,26.35,26.75,26.0,26.35,26.45,2700914.0,71581012.55
02618.HK,20211224,26.35,26.95,26.2,26.95,26.35,1113500.0,29651854.0
02618.HK,20211228,26.9,26.9,26.0,26.55,26.95,1715331.0,45255696.5
02618.HK,20211229,26.55,26.9,26.1,26.85,26.55,1943841.0,51697420.38
02618.HK,20211230,26.85,27.0,26.35,26.45,26.85,3201331.0,85297721.35
02618.HK,20211231,27.4,27.45,26.35,26.45,26.45,1617315.0,43198680.7
02618.HK,20220103,26.7,26.95,26.35,26.7,26.45,1788748.0,47604661.2
02618.HK,20220104,26.7,26.9,26.05,26.1,26.7,3889250.0,102348893.9
02618.HK,20220105,26.0,26.2,25.2,25.3,26.1,6025682.0,154543346.8
02618.HK,20220106,25.0,25.25,23.15,23.85,25.3,12167409.0,290256307.05
02618.HK,20220107,23.85,24.45,23.8,24.1,23.85,4571166.0,110237372.1
02618.HK,20220110,24.05,25.25,24.0,25.0,24.1,3874943.0,96564671.85
02618.HK,20220111,25.0,25.95,24.6,25.65,25.0,7188492.0,182691922.0
02618.HK,20220112,26.0,27.55,25.95,27.0,25.65,8711212.0,233985331.2
02618.HK,20220113,27.0,27.4,26.15,26.55,27.0,4068394.0,108229062.65
02618.HK,20220114,26.55,26.9,26.15,26.85,26.55,4478400.0,119568532.7
02618.HK,20220117,26.7,26.85,26.2,26.25,26.85,2335951.0,62010788.8
02618.HK,20220118,26.4,27.7,26.25,27.4,26.25,7164661.0,195686794.85
02618.HK,20220119,27.4,27.55,26.55,26.8,27.4,3347609.0,89965589.65
02618.HK,20220120,26.9,27.65,26.8,27.15,26.8,6298065.0,170913898.0
02618.HK,20220121,27.1,27.2,26.6,26.75,27.15,5361999.0,143908279.95
02618.HK,20220124,26.7,26.75,26.1,26.3,26.75,2242078.0,59244048.3
02618.HK,20220125,25.8,26.15,25.25,25.4,26.3,2926833.0,74960694.1
02618.HK,20220126,25.4,25.7,24.95,25.05,25.4,2626025.0,66084354.8
02618.HK,20220127,24.3,24.8,24.1,24.3,25.05,6546403.0,159224759.2
02618.HK,20220128,24.3,24.65,22.8,23.15,24.3,9842140.0,228067342.6
02618.HK,20220131,23.15,23.3,22.35,23.15,23.15,4093700.0,93892869.1
02618.HK,20220204,23.6,24.0,22.8,23.8,23.15,4722921.0,111600240.25
02618.HK,20220207,23.9,24.5,23.7,24.1,23.8,3668928.0,88367440.6
02618.HK,20220208,24.2,24.4,24.0,24.25,24.1,4807933.0,116292865.3
02618.HK,20220209,24.6,25.3,24.5,24.65,24.25,4352744.0,107665741.8
02618.HK,20220210,24.75,25.05,24.5,25.0,24.65,4149397.0,102907673.4
02618.HK,20220211,24.95,25.1,24.1,24.25,25.0,3961950.0,96985005.0
02618.HK,20220214,24.2,24.35,23.55,23.75,24.25,5426780.0,129324330.8
02618.HK,20220215,23.5,24.65,23.5,24.5,23.75,6478098.0,157153875.8
02618.HK,20220216,24.65,24.95,24.4,24.8,24.5,2656231.0,65614464.25
02618.HK,20220217,25.0,25.1,24.5,24.8,24.8,2432466.0,60393182.8
02618.HK,20220218,24.25,24.85,24.2,24.6,24.8,3688898.0,90659679.4
02618.HK,20220221,25.0,26.7,24.9,26.7,24.6,14515112.0,379540809.81
02618.HK,20220222,26.05,26.7,25.55,25.6,26.7,9433775.0,244286571.05
02618.HK,20220223,26.0,26.0,25.25,25.55,25.6,5670549.0,145293657.55
02618.HK,20220224,25.25,25.85,24.3,24.8,25.55,8941215.0,223768801.2
02618.HK,20220225,25.1,25.4,24.8,25.15,24.8,5287546.0,132639329.7
02618.HK,20220228,25.15,25.15,24.3,24.7,25.15,4470245.0,109726094.1
02618.HK,20220301,24.8,26.15,24.8,25.8,24.7,4450398.0,113881061.7
02618.HK,20220302,26.0,26.1,25.45,25.5,25.8,4650000.0,119708760.0
02618.HK,20220303,26.0,26.0,24.95,25.4,25.5,4959312.0,125817332.8
02618.HK,20220304,24.8,24.9,24.05,24.3,25.4,7613398.0,185428181.6
02618.HK,20220307,23.35,23.9,22.3,23.65,24.3,13359235.0,309312986.3
02618.HK,20220308,23.65,23.85,21.25,21.35,23.65,10475050.0,232917652.15
02618.HK,20220309,21.3,21.3,19.22,20.1,21.35,18892493.0,376067050.43
02618.HK,20220310,20.55,20.8,19.22,19.56,20.1,11514166.0,226358098.64
02618.HK,20220311,18.72,19.12,17.78,19.0,19.56,19630500.0,364630685.84
02618.HK,20220314,18.4,19.02,18.08,18.38,19.0,13243072.0,246325533.4
02618.HK,20220315,18.1,20.3,17.72,18.56,18.38,32281102.0,614562387.18
02618.HK,20220316,19.6,21.9,19.4,21.45,18.56,26335353.0,542186837.76
02618.HK,20220317,23.65,23.95,22.5,23.5,21.45,15358032.0,355719364.3
02618.HK,20220318,23.5,24.75,23.05,24.0,23.5,74859461.0,1797762546.36
02618.HK,20220321,24.95,25.5,23.7,24.1,24.0,10598372.0,257951642.0
02618.HK,20220322,24.0,24.35,23.55,24.25,24.1,5456536.0,131141990.73
02618.HK,20220323,23.9,25.1,23.9,24.7,24.25,10836604.0,268014635.0
02618.HK,20220324,24.6,24.6,22.95,23.0,24.7,7215526.0,170004780.7
02618.HK,20220325,20.75,20.8,19.4,19.84,23.0,52954960.0,1062809604.6
02618.HK,20220328,19.68,19.72,18.24,18.4,19.84,37007174.0,694720991.2
02618.HK,20220329,18.52,19.08,18.42,18.7,18.4,20407682.0,381491940.44
02618.HK,20220330,19.1,19.74,18.86,19.7,18.7,23764346.0,459697326.92
02618.HK,20220331,19.68,19.68,19.0,19.34,19.7,11207617.0,216612650.28
02618.HK,20220401,19.0,19.06,18.4,18.9,19.34,10638838.0,200050593.92
02618.HK,20220404,18.94,19.18,18.72,18.88,18.9,15548385.0,293652775.44
02618.HK,20220406,18.82,18.82,18.0,18.0,18.88,26332214.0,480227061.68
02618.HK,20220407,17.96,18.32,17.54,17.62,18.0,11704801.0,208366713.84
02618.HK,20220408,17.6,17.6,17.02,17.44,17.62,8165677.0,141108931.64
02618.HK,20220411,18.06,18.36,17.38,17.44,17.44,18392527.0,327155933.44
02618.HK,20220412,17.5,17.72,16.84,17.48,17.44,15190098.0,262146249.0
02618.HK,20220413,17.48,17.98,17.34,17.86,17.48,11686165.0,207042552.7
02618.HK,20220414,17.88,19.08,17.88,18.88,17.86,14324340.0,266737722.6
02618.HK,20220419,19.0,19.08,18.2,18.4,18.88,14079046.0,261067986.66
02618.HK,20220420,18.2,18.66,18.0,18.04,18.4,6202207.0,112897627.56
02618.HK,20220421,17.9,17.9,17.2,17.24,18.04,11000499.0,191359073.16
02618.HK,20220422,17.1,17.34,16.68,17.08,17.24,7727716.0,131394849.56
02618.HK,20220425,16.8,16.8,16.04,16.14,17.08,12831533.0,209939135.46
02618.HK,20220426,16.54,16.68,16.0,16.12,16.14,14485439.0,237784224.64
02618.HK,20220427,16.04,16.04,15.52,15.74,16.12,17661223.0,278236715.58
02618.HK,20220428,15.74,16.1,15.64,16.0,15.74,12298590.0,195555949.2
02618.HK,20220429,16.0,16.92,15.68,16.44,16.0,19776230.0,323625920.96
02618.HK,20220503,16.3,17.28,16.0,16.94,16.44,9009066.0,151454432.34
02618.HK,20220504,16.86,16.92,16.1,16.22,16.94,4286952.0,70320859.28
02618.HK,20220505,16.4,16.86,16.38,16.46,16.22,9632550.0,159966887.0
02618.HK,20220506,16.08,16.24,15.42,15.44,16.46,10486934.0,163818661.54
02618.HK,20220510,14.98,15.44,14.74,14.86,15.44,16271994.0,243865749.2
02618.HK,20220511,14.88,15.48,14.78,15.04,14.86,9251360.0,140538677.28
02618.HK,20220512,14.84,15.0,14.4,14.46,15.04,11454198.0,166989063.62
02618.HK,20220513,14.6,14.98,14.52,14.96,14.46,12581266.0,185794677.16
02618.HK,20220516,15.3,15.48,15.0,15.4,14.96,8242697.0,125687543.02
02618.HK,20220517,15.68,15.96,15.44,15.94,15.4,9045925.0,142998368.26
02618.HK,20220518,15.96,15.98,14.68,14.94,15.94,23918114.0,359796990.16
02618.HK,20220519,14.66,14.7,14.1,14.42,14.94,16445904.0,236895064.56
02618.HK,20220520,14.8,15.3,14.58,15.24,14.42,26373899.0,395234135.08
02618.HK,20220523,14.92,15.08,14.34,14.66,15.24,15658803.0,228923861.58
02618.HK,20220524,14.68,14.8,14.1,14.12,14.66,12748410.0,183091392.54
02618.HK,20220525,14.36,14.44,14.04,14.18,14.12,9423516.0,133586275.58
02618.HK,20220526,14.32,14.36,13.9,14.2,14.18,7544349.0,106498028.1
02618.HK,20220527,14.6,14.88,14.36,14.5,14.2,12076866.0,176747692.78
02618.HK,20220530,14.66,15.28,14.64,15.2,14.5,12957443.0,195733876.22
02618.HK,20220531,15.3,15.6,15.06,15.38,15.2,9950732.0,152638718.8
02618.HK,20220601,15.4,15.54,15.06,15.26,15.38,6246510.0,95332337.8
02618.HK,20220602,15.18,15.2,14.88,15.16,15.26,4620487.0,69438844.3
02618.HK,20220606,15.2,15.86,15.04,15.84,15.16,10523512.0,164123379.16
02618.HK,20220607,15.84,16.24,15.58,16.0,15.84,10361632.0,166102341.34
02618.HK,20220608,16.38,17.1,16.2,17.0,16.0,20543778.0,345272958.92
02618.HK,20220609,17.12,17.18,16.16,16.34,17.0,16177933.0,266159174.58
02618.HK,20220610,15.96,16.48,15.74,16.32,16.34,15337222.0,249061322.68
02618.HK,20220613,16.0,16.18,15.52,15.6,16.32,11718332.0,185292575.33
02618.HK,20220614,15.42,15.86,15.12,15.64,15.6,10338717.0,159827218.96
02618.HK,20220615,15.68,16.22,15.68,15.96,15.64,9816412.0,156708540.84
02618.HK,20220616,16.12,16.28,15.36,15.54,15.96,8680578.0,137097390.36
02618.HK,20220617,15.28,15.9,15.28,15.8,15.54,13790510.0,217094942.71
02618.HK,20220620,15.98,16.14,15.68,16.12,15.8,5910943.0,94346584.78
02618.HK,20220621,16.02,16.7,15.9,16.68,16.12,9257622.0,152145346.08
02618.HK,20220622,16.5,16.86,16.34,16.38,16.68,8998752.0,149164406.26
02618.HK,20220623,16.58,16.88,16.4,16.66,16.38,5838138.0,97296106.46
02618.HK,20220624,16.72,17.26,16.62,17.0,16.66,10233643.0,173925186.42
02618.HK,20220627,17.4,17.78,17.18,17.5,17.0,13378349.0,234376597.8
02618.HK,20220628,17.84,17.84,16.98,17.78,17.5,9157856.0,159580227.28
02618.HK,20220629,17.62,17.62,16.86,17.1,17.78,13266367.0,227512847.66
02618.HK,20220630,17.26,17.38,16.98,17.12,17.1,6701350.0,114858613.62
02618.HK,20220704,17.14,17.26,16.86,17.0,17.12,4916613.0,83610950.42
02618.HK,20220705,17.08,17.36,16.88,17.14,17.0,5086440.0,87155897.74
02618.HK,20220706,17.26,17.26,16.3,16.54,17.14,7327923.0,122059579.32
02618.HK,20220707,16.6,16.6,16.22,16.42,16.54,5718247.0,93381358.72
02618.HK,20220708,16.66,16.72,16.24,16.4,16.42,4602221.0,75413680.46
02618.HK,20220711,16.4,16.4,15.5,15.6,16.4,7748248.0,122097472.6
02618.HK,20220712,15.44,15.52,14.9,14.9,15.6,9098755.0,137218795.7
02618.HK,20220713,15.2,15.44,14.92,15.14,14.9,6672666.0,101358181.24
02618.HK,20220714,15.14,15.82,15.12,15.78,15.14,7166464.0,111612339.76
02618.HK,20220715,15.72,15.76,15.2,15.2,15.78,6329531.0,97696941.98
02618.HK,20220718,15.5,15.92,15.14,15.86,15.2,4588942.0,71862422.24
02618.HK,20220719,15.78,16.72,15.68,16.48,15.86,11226980.0,183033428.84
02618.HK,20220720,16.7,17.16,16.62,16.98,16.48,10635601.0,180890496.36
02618.HK,20220721,16.98,17.16,16.8,16.96,16.98,6459391.0,109491932.32
02618.HK,20220722,16.98,17.12,16.6,16.96,16.96,4325454.0,72928638.82
02618.HK,20220725,16.96,17.04,16.68,16.8,16.96,5660299.0,95272117.24
02618.HK,20220726,16.8,16.96,16.46,16.56,16.8,2833874.0,47160959.54
02618.HK,20220727,16.6,16.64,16.12,16.2,16.56,2891916.0,47059226.84
02618.HK,20220728,16.1,16.56,16.1,16.36,16.2,2497078.0,40882670.32
02618.HK,20220729,16.48,16.56,15.76,15.96,16.36,5205066.0,83284543.8
02618.HK,20220801,15.96,15.96,15.64,15.84,15.96,3006466.0,47541593.54
02618.HK,20220802,15.84,15.84,14.9,15.2,15.84,8535610.0,129273059.3
02618.HK,20220803,15.18,15.6,15.18,15.52,15.2,5612425.0,86755293.16
02618.HK,20220804,15.52,15.96,15.5,15.64,15.52,3549516.0,55938044.0
02618.HK,20220805,15.64,15.94,15.62,15.86,15.64,3271408.0,51763269.84
02618.HK,20220808,15.8,15.84,15.42,15.78,15.86,4053633.0,63685026.8
02618.HK,20220809,15.68,15.92,15.42,15.64,15.78,3604066.0,56446230.68
02618.HK,20220810,15.46,15.46,14.82,15.02,15.64,8369677.0,125820261.88
02618.HK,20220811,15.04,15.28,14.96,15.16,15.02,9376766.0,141292552.04
02618.HK,20220812,15.04,15.04,14.1,14.4,15.16,19574764.0,282882953.88
02618.HK,20220815,14.4,14.7,14.34,14.34,14.4,5034633.0,72958349.46
02618.HK,20220816,14.34,14.56,14.14,14.3,14.34,7049000.0,101240269.7
02618.HK,20220817,14.3,14.5,14.14,14.38,14.3,4087500.0,58737422.3
02618.HK,20220818,14.24,14.34,13.96,14.08,14.38,7425298.0,104463190.1
02618.HK,20220819,13.92,14.3,13.92,14.3,14.08,3998984.0,56713823.2
02618.HK,20220822,14.04,14.44,13.9,14.08,14.3,4965715.0,70540696.5
02618.HK,20220823,14.08,14.24,13.94,14.1,14.08,6859282.0,96323535.3
02618.HK,20220824,14.6,15.64,14.56,15.4,14.1,31142430.0,476421197.06
02618.HK,20220825,15.42,16.1,15.34,15.98,15.4,18227161.0,287782744.1
02618.HK,20220826,16.32,16.8,16.24,16.8,15.98,21796799.0,362088729.26
02618.HK,20220829,16.66,17.08,16.38,17.06,16.8,12175074.0,205865936.96
02618.HK,20220830,17.02,17.44,16.9,17.24,17.06,15869493.0,272276066.44
02618.HK,20220831,16.88,17.06,16.68,16.84,17.24,8441063.0,142364574.66
02618.HK,20220901,16.66,17.0,16.24,16.36,16.84,10244131.0,170024766.82
02618.HK,20220902,16.36,16.52,15.92,16.22,16.36,18845166.0,304808185.54
02618.HK,20220905,16.22,16.36,15.94,16.3,16.22,4709199.0,76221190.7
02618.HK,20220906,16.4,16.66,16.24,16.46,16.3,4878948.0,80113526.18
02618.HK,20220907,16.3,16.38,16.08,16.36,16.46,5037101.0,81760669.86
02618.HK,20220908,16.28,16.58,16.18,16.42,16.36,6381526.0,104639429.74
02618.HK,20220909,16.38,16.9,16.26,16.82,16.42,7281006.0,121911724.92
02618.HK,20220913,16.82,17.12,16.48,16.54,16.82,8839510.0,148728077.84
02618.HK,20220914,16.2,16.3,15.8,15.9,16.54,9090064.0,146017940.94
02618.HK,20220915,15.9,16.56,15.9,16.46,15.9,7122613.0,116521971.84
02618.HK,20220916,16.46,16.5,16.0,16.34,16.46,9857307.0,160987305.6
02618.HK,20220919,16.1,16.16,14.9,14.92,16.34,11543630.0,174981407.88
02618.HK,20220920,15.02,15.16,14.62,15.08,14.92,5377143.0,80164728.16
02618.HK,20220921,15.08,15.16,14.76,14.9,15.08,3219033.0,48134854.78
02618.HK,20220922,14.6,14.88,14.44,14.6,14.9,4657069.0,68323722.28
02618.HK,20220923,14.88,14.88,14.36,14.36,14.6,3777645.0,54784056.0
02618.HK,20220926,14.28,14.7,14.24,14.56,14.36,3179592.0,46299074.9
02618.HK,20220927,14.6,14.68,14.24,14.58,14.56,3868343.0,55945329.96
02618.HK,20220928,14.58,14.58,14.1,14.1,14.58,5374914.0,76391634.08
02618.HK,20220929,14.3,14.58,13.7,14.0,14.1,6149764.0,86620008.36
02618.HK,20220930,13.9,14.08,13.68,13.8,14.0,5809152.0,80526162.98
02618.HK,20221003,13.8,14.02,13.52,13.7,13.8,2015645.0,27602299.02
02618.HK,20221005,14.3,14.98,14.28,14.92,13.7,8823511.0,130186710.86
02618.HK,20221006,14.76,14.78,14.3,14.34,14.92,3397700.0,49036114.4
02618.HK,20221007,14.26,14.34,14.02,14.08,14.34,3195732.0,45148448.52
02618.HK,20221010,13.76,13.96,13.58,13.74,14.08,5116602.0,70614570.66
02618.HK,20221011,13.64,13.8,13.14,13.32,13.74,4689032.0,62753635.5
02618.HK,20221012,13.26,13.34,12.6,13.0,13.32,13963833.0,180361845.9
02618.HK,20221013,12.96,12.96,11.92,12.04,13.0,15531714.0,190219149.52
02618.HK,20221014,12.3,12.66,12.18,12.36,12.04,21429000.0,265635223.2
02618.HK,20221017,12.3,13.0,12.08,12.84,12.36,7921612.0,99806501.08
02618.HK,20221018,13.04,13.4,12.8,13.36,12.84,14535988.0,190532183.84
02618.HK,20221019,13.34,13.76,13.3,13.34,13.36,10702874.0,144739972.1
02618.HK,20221020,13.0,13.0,12.44,12.74,13.34,10970288.0,139168653.16
02618.HK,20221021,12.74,12.98,12.68,12.86,12.74,4889458.0,62764313.88
02618.HK,20221024,12.5,12.78,11.46,11.62,12.86,12776473.0,152294289.92
02618.HK,20221025,12.56,12.56,11.36,11.56,11.62,17434400.0,202847170.2
02618.HK,20221026,11.56,12.16,11.5,12.02,11.56,10589091.0,125948132.9
02618.HK,20221027,12.38,12.54,11.96,12.02,12.02,7275927.0,89141708.48
02618.HK,20221028,12.02,12.1,11.14,11.22,12.02,11120532.0,127278340.48
02618.HK,20221031,11.22,11.46,10.9,10.96,11.22,11647420.0,129377415.06
02618.HK,20221101,11.2,11.88,11.02,11.86,10.96,13830440.0,159760006.98
02618.HK,20221102,11.84,12.56,11.54,12.34,11.86,11097764.0,134721018.44
02618.HK,20221103,12.08,12.1,11.7,11.7,12.34,8481266.0,100309624.9
02618.HK,20221104,11.92,12.64,11.84,12.42,11.7,15164115.0,187990071.64
02618.HK,20221107,12.36,12.8,12.12,12.7,12.42,17820565.0,224718120.06
02618.HK,20221108,12.8,12.84,12.24,12.5,12.7,8367800.0,104220777.3
02618.HK,20221109,12.46,12.7,12.04,12.18,12.5,7847656.0,96221346.02
02618.HK,20221110,11.98,11.98,11.54,11.62,12.18,6955899.0,81190061.14
02618.HK,20221111,12.24,13.44,12.12,13.42,11.62,32645731.0,418471887.1
02618.HK,20221114,13.92,14.64,13.64,14.2,13.42,29833315.0,422048635.96
02618.HK,20221115,14.2,15.0,14.02,14.82,14.2,13602387.0,200451499.16
02618.HK,20221116,14.8,14.86,14.4,14.78,14.82,8353032.0,122393875.4
02618.HK,20221117,14.7,14.8,13.9,14.4,14.78,12161899.0,173629773.9
02618.HK,20221118,14.68,14.82,14.26,14.5,14.4,13150567.0,191749148.56
02618.HK,20221121,14.5,14.5,13.62,13.76,14.5,11065732.0,152993373.98
02618.HK,20221122,13.78,13.9,13.28,13.34,13.76,8678348.0,117144805.38
02618.HK,20221123,13.5,13.58,13.2,13.28,13.34,7126931.0,95383737.2
02618.HK,20221124,13.42,13.54,12.76,12.92,13.28,17867711.0,232117691.26
02618.HK,20221125,12.84,12.9,12.56,12.7,12.92,6291873.0,79973811.66
02618.HK,20221128,12.4,12.48,11.84,12.48,12.7,11805798.0,144191650.58
02618.HK,20221129,12.58,13.68,12.58,13.68,12.48,16089952.0,212881223.08
02618.HK,20221130,13.34,13.98,13.26,13.96,13.68,17036164.0,232060860.26
02618.HK,20221201,14.44,14.64,14.02,14.12,13.96,14502553.0,208393846.14
02618.HK,20221202,14.1,14.48,13.96,14.12,14.12,8476252.0,120128200.08
02618.HK,20221205,14.62,15.68,14.48,15.68,14.12,22965568.0,350161072.46
02618.HK,20221206,15.46,15.82,15.18,15.46,15.68,16209380.0,251014745.1
02618.HK,20221207,15.36,16.14,14.88,14.92,15.46,20573533.0,318090007.25
02618.HK,20221208,15.14,16.3,15.1,16.24,14.92,22290929.0,355327136.0
02618.HK,20221209,16.34,16.6,15.88,16.26,16.24,17816589.0,289140583.48
02618.HK,20221212,15.96,16.14,15.46,15.56,16.26,13299595.0,209354740.62
02618.HK,20221213,15.56,16.18,15.46,15.66,15.56,7223300.0,114288814.3
02618.HK,20221214,15.96,15.98,15.42,15.6,15.66,6299000.0,98825015.8
02618.HK,20221215,15.76,15.8,15.14,15.38,15.6,6968506.0,107543894.46
02618.HK,20221216,15.34,15.88,15.2,15.78,15.38,7799395.0,121991605.4
02618.HK,20221219,15.68,16.16,15.24,15.32,15.78,5989182.0,93261317.7
02618.HK,20221220,15.3,15.56,15.0,15.26,15.32,6763790.0,103082517.86
02618.HK,20221221,15.46,15.66,15.22,15.56,15.26,4080507.0,63285646.38
02618.HK,20221222,15.82,16.1,15.56,15.76,15.56,7560188.0,120108430.53
02618.HK,20221223,15.52,15.94,15.42,15.6,15.76,4419626.0,69242914.26
02618.HK,20221228,15.82,16.02,15.62,15.78,15.6,5808644.0,91981479.22
02618.HK,20221229,15.46,15.64,14.92,15.0,15.78,8433572.0,128061729.96
02618.HK,20221230,15.12,15.34,15.0,15.12,15.0,3783430.0,57393647.42
02618.HK,20230103,14.86,15.6,14.56,15.56,15.12,8732193.0,132681969.48
02618.HK,20230104,15.56,16.2,15.5,16.14,15.56,12384538.0,198097508.88
02618.HK,20230105,16.62,16.94,16.22,16.72,16.14,18380641.0,305073747.18
02618.HK,20230106,16.92,16.92,16.22,16.28,16.72,6670883.0,110203892.22
02618.HK,20230109,16.28,17.0,16.28,16.8,16.28,8927938.0,149661286.68
02618.HK,20230110,16.76,16.9,16.44,16.52,16.8,5837560.0,97087903.62
02618.HK,20230111,16.66,16.98,16.38,16.56,16.52,8621605.0,144213656.68
02618.HK,20230112,16.54,16.7,16.12,16.22,16.56,6644114.0,108862666.34
02618.HK,20230113,16.56,16.62,16.26,16.54,16.22,5772480.0,95045244.61
02618.HK,20230116,16.54,17.04,16.46,16.68,16.54,7634134.0,128338393.04
02618.HK,20230117,16.52,16.68,16.1,16.18,16.68,4358734.0,70842649.36
02618.HK,20230118,16.2,16.52,15.9,16.36,16.18,8097396.0,131957524.82
02618.HK,20230119,16.36,16.42,15.86,15.94,16.36,3843229.0,61812850.4
02618.HK,20230120,15.94,16.38,15.9,16.28,15.94,3215440.0,51987211.6
02618.HK,20230126,16.6,17.5,16.28,17.42,16.28,8685281.0,148352744.9
02618.HK,20230127,17.42,17.74,17.12,17.42,17.42,5506649.0,95992275.9
02618.HK,20230130,17.48,17.62,17.08,17.14,17.42,11810365.0,205122446.58
02618.HK,20230131,17.34,18.02,17.1,17.32,17.14,12159645.0,213899099.28
02618.HK,20230201,17.36,18.0,17.3,17.84,17.32,11154560.0,197787414.4
02618.HK,20230202,17.86,17.98,17.42,17.42,17.84,7168612.0,126438331.24
02618.HK,20230203,17.42,17.46,16.66,16.78,17.42,10415114.0,175696586.76
02618.HK,20230206,16.72,16.72,15.8,16.16,16.78,8474400.0,136513463.0
02618.HK,20230207,16.2,16.36,15.88,15.92,16.16,4649490.0,74672783.5
02618.HK,20230208,15.88,16.16,15.62,15.78,15.92,5467859.0,86483975.59
02618.HK,20230209,15.54,16.04,15.52,15.96,15.78,4872413.0,77466207.94
02618.HK,20230210,15.98,15.98,15.54,15.76,15.96,5394856.0,84768323.56
02618.HK,20230213,15.74,15.9,15.42,15.76,15.76,5226229.0,82154217.18
02618.HK,20230214,15.76,15.88,15.54,15.7,15.76,4398569.0,69058809.36
02618.HK,20230215,15.7,15.76,14.9,14.92,15.7,7921334.0,120567779.28
02618.HK,20230216,15.0,15.4,14.98,15.04,14.92,9646599.0,146599678.58
02618.HK,20230217,14.9,15.02,14.8,14.8,15.04,4687105.0,69783058.92
02618.HK,20230220,14.76,15.18,14.56,15.12,14.8,4820508.0,72023629.2
02618.HK,20230221,15.14,15.14,14.74,14.8,15.12,6589897.0,98070657.06
02618.HK,20230222,14.64,14.76,14.4,14.5,14.8,7652290.0,111377730.96
02618.HK,20230223,14.5,14.74,14.42,14.54,14.5,4187884.0,60982951.96
02618.HK,20230224,14.56,14.62,14.0,14.0,14.54,8356650.0,117960984.78
02618.HK,20230227,13.96,14.02,13.56,13.92,14.0,8784070.0,121373580.0
02618.HK,20230228,13.98,14.3,13.84,14.0,13.92,6449632.0,90777932.34
02618.HK,20230301,14.0,14.74,14.0,14.62,14.0,6552759.0,95053533.1
02618.HK,20230302,14.4,14.62,14.34,14.52,14.62,4513519.0,65433009.1
02618.HK,20230303,14.64,14.96,14.64,14.86,14.52,4551850.0,67649256.6
02618.HK,20230306,14.86,14.96,14.6,14.86,14.86,4109362.0,60980980.22
02618.HK,20230307,14.76,15.14,14.62,14.84,14.86,5608624.0,83632485.08
02618.HK,20230308,14.68,14.72,14.3,14.38,14.84,6304574.0,90789928.1
02618.HK,20230309,14.44,14.54,14.0,14.0,14.38,5130159.0,72692571.4
02618.HK,20230310,13.64,13.7,12.72,12.72,14.0,35896682.0,467013689.68
02618.HK,20230313,12.8,13.34,12.62,13.24,12.72,10976430.0,143550146.98
02618.HK,20230314,13.24,13.46,12.92,13.18,13.24,7513690.0,98951736.2
02618.HK,20230315,13.34,13.58,13.3,13.48,13.18,7594466.0,102191822.08
02618.HK,20230316,13.26,13.4,12.98,13.14,13.48,6786915.0,89287037.58
02618.HK,20230317,13.22,13.6,13.22,13.44,13.14,10252356.0,137327530.2
02618.HK,20230320,13.26,13.36,12.82,12.9,13.44,7691274.0,99730032.24
02618.HK,20230321,12.98,13.36,12.98,13.32,12.9,6493832.0,85530849.32
02618.HK,20230322,13.36,13.64,13.28,13.36,13.32,7178377.0,96306830.48
02618.HK,20230323,13.46,13.78,13.12,13.74,13.36,5920216.0,80015996.2
02618.HK,20230324,13.76,14.06,13.48,13.84,13.74,7035387.0,97450288.74
02618.HK,20230327,13.8,14.0,13.46,13.82,13.84,5182000.0,71371008.1
02618.HK,20230328,13.86,14.34,13.78,14.18,13.82,6791667.0,95888513.3
02618.HK,20230329,14.42,14.66,13.76,13.94,14.18,10679595.0,150831010.56
02618.HK,20230330,13.94,14.08,13.7,14.08,13.94,9170351.0,127277289.92
02618.HK,20230331,14.4,14.58,14.02,14.1,14.08,7689044.0,109814796.98
02618.HK,20230403,14.06,14.22,13.34,13.52,14.1,13433564.0,182292987.88
02618.HK,20230404,13.68,13.68,13.02,13.2,13.52,9282143.0,122503867.48
02618.HK,20230406,12.96,13.28,12.96,13.26,13.2,4776415.0,62675885.4
02618.HK,20230411,13.42,13.58,13.22,13.56,13.26,4960866.0,66750437.02
02618.HK,20230412,13.56,13.68,13.04,13.04,13.56,7351990.0,97156027.3
02618.HK,20230413,12.74,12.96,12.54,12.94,13.04,8037240.0,102578437.1
02618.HK,20230414,13.08,13.5,13.02,13.3,12.94,5544522.0,73848477.26
02618.HK,20230417,13.3,13.48,13.08,13.48,13.3,5638353.0,75006918.42
02618.HK,20230418,13.4,13.4,13.06,13.1,13.48,5521617.0,72693427.9
02618.HK,20230419,12.98,13.1,12.64,12.7,13.1,12658281.0,161404156.24
02618.HK,20230420,12.66,12.7,12.34,12.36,12.7,11817588.0,147591938.16
02618.HK,20230421,12.36,12.42,11.92,12.0,12.36,16320469.0,197518930.14
02618.HK,20230424,12.02,12.46,12.0,12.26,12.0,9044025.0,110552860.86
02618.HK,20230425,12.26,12.26,11.86,11.96,12.26,6774791.0,81124995.58
02618.HK,20230426,11.96,12.28,11.84,12.12,11.96,5869876.0,71108278.52
02618.HK,20230427,12.12,12.14,11.88,12.02,12.12,4576137.0,54968770.86
02618.HK,20230428,12.1,12.32,12.1,12.2,12.02,5269650.0,64395763.5
02618.HK,20230502,12.4,12.5,11.96,12.14,12.2,2594532.0,31616562.32
02618.HK,20230503,12.06,12.14,11.88,12.06,12.14,3007254.0,36116261.2
02618.HK,20230504,12.1,12.34,12.1,12.28,12.06,4711864.0,57582795.02
02618.HK,20230505,12.32,12.5,12.32,12.36,12.28,4374393.0,54231731.81
02618.HK,20230508,12.36,12.54,12.3,12.52,12.36,5919390.0,73707263.3
02618.HK,20230509,12.5,12.66,12.22,12.22,12.52,3945140.0,49024681.4
02618.HK,20230510,12.34,12.72,12.2,12.62,12.22,7175564.0,90117558.78
02618.HK,20230511,12.64,12.74,12.36,12.48,12.62,11874892.0,148866293.54
02618.HK,20230512,13.2,13.38,12.86,13.16,12.48,24009259.0,314568927.22
02618.HK,20230515,12.92,13.44,12.9,13.36,13.16,10878741.0,144604929.14
02618.HK,20230516,13.54,13.64,12.96,13.1,13.36,13112104.0,173563992.22
02618.HK,20230517,13.1,13.18,12.66,12.68,13.1,11207555.0,144882412.7
02618.HK,20230518,12.78,13.02,12.56,12.72,12.68,6602561.0,84190455.96
02618.HK,20230519,12.72,12.72,12.42,12.46,12.72,5644360.0,70570250.8
02618.HK,20230522,12.38,12.98,12.32,12.86,12.46,5335927.0,68265336.86
02618.HK,20230523,12.74,12.86,12.34,12.46,12.86,7092736.0,89152717.02
02618.HK,20230524,12.4,12.4,12.04,12.16,12.46,7433994.0,90319406.9
02618.HK,20230525,12.0,12.16,11.74,11.82,12.16,12402266.0,147476109.3
02618.HK,20230529,11.86,12.02,11.74,11.86,11.82,9848341.0,116937877.7
02618.HK,20230530,11.86,12.36,11.8,12.12,11.86,11795186.0,143244688.62
02618.HK,20230531,12.12,12.52,11.88,12.52,12.12,171755024.0,2140916869.08
02618.HK,20230601,12.2,12.54,12.16,12.2,12.52,40013993.0,496104974.9
02618.HK,20230602,12.5,12.6,12.34,12.58,12.2,14250080.0,178312667.5
02618.HK,20230605,12.64,12.82,12.48,12.54,12.58,6125322.0,77379512.22
02618.HK,20230606,12.54,12.84,12.34,12.48,12.54,9830090.0,123379700.68
02618.HK,20230607,12.66,12.76,12.48,12.62,12.48,7190729.0,90453344.72
02618.HK,20230608,12.62,12.62,12.4,12.5,12.62,4070282.0,50886675.68
02618.HK,20230609,12.62,12.72,12.44,12.68,12.5,5764612.0,72575594.1
02618.HK,20230612,12.68,12.78,12.46,12.68,12.68,3863373.0,48675469.8
02618.HK,20230613,12.72,12.84,12.58,12.84,12.68,7219999.0,91986486.26
02618.HK,20230614,12.88,12.92,12.62,12.7,12.84,4364523.0,55498758.12
02618.HK,20230615,12.9,13.28,12.7,13.28,12.7,6882275.0,89881662.82
02618.HK,20230616,13.3,13.58,13.2,13.58,13.28,11331890.0,152397044.7
02618.HK,20230619,13.68,13.68,13.12,13.2,13.58,4697804.0,62286181.88
02618.HK,20230620,13.2,13.2,12.7,12.9,13.2,5584625.0,71830686.8
02618.HK,20230621,12.66,12.8,12.42,12.5,12.9,6208952.0,77623937.4
02618.HK,20230623,12.5,12.5,11.98,12.2,12.5,3609410.0,43703359.3
02618.HK,20230626,12.3,12.38,12.08,12.24,12.2,5733950.0,70125186.4
02618.HK,20230627,12.5,12.66,12.22,12.6,12.24,4176289.0,52409575.2
02618.HK,20230628,12.58,12.8,12.48,12.78,12.6,7880737.0,99696355.86
02618.HK,20230629,12.7,12.78,12.02,12.16,12.78,7536678.0,92174296.7
02618.HK,20230630,12.18,12.3,12.1,12.22,12.16,3441303.0,41991923.3
02618.HK,20230703,12.4,12.56,12.26,12.34,12.22,6194389.0,76323541.88
02618.HK,20230704,12.34,12.48,12.26,12.46,12.34,2880877.0,35733436.58
02618.HK,20230705,12.46,12.46,12.18,12.28,12.46,2898166.0,35529352.6
02618.HK,20230706,12.28,12.28,11.84,11.88,12.28,6641530.0,79475064.8
02618.HK,20230707,11.88,11.96,11.76,11.82,11.88,4113969.0,48634471.88
02618.HK,20230710,11.96,12.1,11.86,11.94,11.82,3035727.0,36241542.1
02618.HK,20230711,11.94,12.16,11.94,12.08,11.94,3357840.0,40499830.24
02618.HK,20230712,12.14,12.3,12.04,12.1,12.08,3484146.0,42296639.2
02618.HK,20230713,12.3,12.4,12.2,12.34,12.1,7098616.0,87475842.36
02618.HK,20230714,12.46,12.62,12.36,12.6,12.34,7123603.0,89338100.42
02618.HK,20230718,12.6,12.6,12.24,12.28,12.6,4543900.0,55931162.2
02618.HK,20230719,12.2,12.22,11.9,12.12,12.28,5933391.0,71380059.14
02618.HK,20230720,12.12,12.26,11.88,11.94,12.12,6908020.0,82978082.78
02618.HK,20230721,11.98,12.08,11.84,11.96,11.94,4059845.0,48517736.58
02618.HK,20230724,11.92,11.94,11.58,11.66,11.96,7521001.0,88131505.92
02618.HK,20230725,11.92,12.7,11.92,12.68,11.66,14873771.0,183611730.44
02618.HK,20230726,12.54,12.66,12.38,12.64,12.68,5085637.0,63667924.3
02618.HK,20230727,12.72,12.98,12.68,12.92,12.64,7952824.0,102350857.46
02618.HK,20230728,12.8,13.16,12.66,13.06,12.92,6686256.0,86896835.4
02618.HK,20230731,13.06,13.48,13.06,13.16,13.06,9861746.0,130801167.08
02618.HK,20230801,13.32,13.46,12.9,13.0,13.16,6019503.0,79103784.04
02618.HK,20230802,13.0,13.1,12.6,12.66,13.0,5036316.0,64328294.88
02618.HK,20230803,12.66,12.9,12.52,12.7,12.66,3812188.0,48539808.72
02618.HK,20230804,12.8,13.14,12.56,12.7,12.7,6465707.0,82549197.94
02618.HK,20230807,12.6,12.6,12.32,12.5,12.7,4091666.0,51132335.2
02618.HK,20230808,12.4,12.48,12.04,12.06,12.5,6913451.0,84078888.32
02618.HK,20230809,12.1,12.22,11.98,12.1,12.06,7613508.0,91839950.92
02618.HK,20230810,12.04,12.16,11.92,12.1,12.1,9680327.0,116548422.38
02618.HK,20230811,12.1,12.1,11.88,11.94,12.1,5922300.0,70830968.0
02618.HK,20230814,11.8,11.86,11.54,11.76,11.94,8555863.0,99704350.04
02618.HK,20230815,11.76,11.76,11.36,11.46,11.76,9757231.0,112214468.0
02618.HK,20230816,11.46,11.5,11.32,11.4,11.46,5221743.0,59556909.88
02618.HK,20230817,11.44,11.44,11.06,11.16,11.4,13168880.0,147398195.4
02618.HK,20230818,11.14,11.18,10.52,10.54,11.16,16639832.0,179529514.52
02618.HK,20230821,10.48,10.48,10.1,10.22,10.54,12206081.0,125192687.9
02618.HK,20230822,10.32,10.7,10.32,10.64,10.22,10600450.0,111277076.46
02618.HK,20230823,10.56,10.76,10.48,10.64,10.64,5518296.0,58629666.4
02618.HK,20230824,10.7,10.98,10.62,10.76,10.64,4984430.0,53840426.0
02618.HK,20230825,10.74,10.74,10.54,10.6,10.76,4991800.0,53024383.2
02618.HK,20230828,10.94,11.0,10.64,10.64,10.6,4956236.0,53499535.48
02618.HK,20230829,10.64,10.9,10.56,10.9,10.64,7316500.0,78978614.0
02618.HK,20230830,10.96,11.02,10.6,10.66,10.9,5736505.0,61742871.36
02618.HK,20230831,10.66,10.82,10.38,10.46,10.66,15176411.0,159379707.16
02618.HK,20230904,10.52,11.08,10.52,11.0,10.46,8771049.0,95748479.88
02618.HK,20230905,10.98,10.98,10.8,10.82,11.0,3798661.0,41225952.44
02618.HK,20230906,10.78,10.78,10.46,10.52,10.82,7609932.0,80153190.6
02618.HK,20230907,10.44,10.52,10.28,10.3,10.52,4044989.0,42029764.02
02618.HK,20230911,10.3,10.4,10.18,10.34,10.3,5585572.0,57452151.14
02618.HK,20230912,10.34,10.44,10.16,10.3,10.34,3717615.0,38287557.4
02618.HK,20230913,10.36,10.5,10.26,10.44,10.3,7338132.0,76310388.08
02618.HK,20230914,10.48,10.56,10.34,10.48,10.44,4240605.0,44409174.26
02618.HK,20230915,10.48,10.74,10.42,10.64,10.48,10540103.0,111904903.74
02618.HK,20230918,10.42,10.6,9.99,10.06,10.64,34291379.0,354033182.28
02618.HK,20230919,10.06,10.16,9.88,9.93,10.06,9299922.0,93056394.72
02618.HK,20230920,9.93,9.93,9.7,9.71,9.93,5644868.0,55237062.5
02618.HK,20230921,9.71,9.71,9.5,9.57,9.71,4999899.0,47911216.81
02618.HK,20230922,9.5,9.98,9.42,9.97,9.57,5570306.0,54414001.7
02618.HK,20230925,9.97,9.97,9.66,9.81,9.97,5237635.0,51369924.5
02618.HK,20230926,9.65,9.8,9.57,9.6,9.81,3461932.0,33416551.2
02618.HK,20230927,9.63,9.76,9.61,9.73,9.6,2641606.0,25545870.08
02618.HK,20230928,9.73,9.73,9.53,9.53,9.73,2915346.0,27925470.92
02618.HK,20230929,9.53,10.02,9.53,9.95,9.53,1923400.0,18993195.2
02618.HK,20231003,9.95,9.95,9.27,9.29,9.95,3584049.0,33557159.05
02618.HK,20231004,9.29,9.29,8.99,9.23,9.29,2720895.0,24857880.78
02618.HK,20231005,9.3,9.4,9.15,9.29,9.23,2407023.0,22393498.74
02618.HK,20231006,9.29,9.48,9.29,9.47,9.29,1574900.0,14842975.2
02618.HK,20231009,9.0,9.56,8.97,9.48,9.47,1930292.0,18185444.97
02618.HK,20231010,9.6,9.77,9.48,9.57,9.48,3813098.0,36502305.22
02618.HK,20231011,9.6,9.88,9.6,9.67,9.57,5149582.0,50032970.26
02618.HK,20231012,9.68,9.93,9.68,9.89,9.67,4464196.0,44051399.26
02618.HK,20231013,9.6,9.68,9.37,9.41,9.89,8752012.0,83203647.73
02618.HK,20231016,9.41,9.48,9.23,9.36,9.41,4423670.0,41341132.83
02618.HK,20231017,9.44,9.58,9.36,9.5,9.36,3553657.0,33750280.85
02618.HK,20231018,9.5,9.5,9.3,9.35,9.5,3654005.0,34207603.08
02618.HK,20231019,9.26,9.28,9.01,9.02,9.35,8246356.0,75068084.78
02618.HK,20231020,8.81,8.99,8.8,8.86,9.02,8310862.0,73924505.95
02618.HK,20231024,8.9,9.35,8.77,8.99,8.86,10327042.0,93132673.26
02618.HK,20231025,9.18,9.38,9.09,9.16,8.99,4753484.0,43998792.84
02618.HK,20231026,9.18,9.18,8.96,9.15,9.16,3247362.0,29436194.06
02618.HK,20231027,9.2,9.45,9.1,9.39,9.15,5674700.0,53035278.42
02618.HK,20231030,9.36,9.53,9.34,9.5,9.39,5341795.0,50554600.05
02618.HK,20231031,9.5,9.5,9.19,9.26,9.5,3866299.0,35891263.66
02618.HK,20231101,9.26,9.33,9.07,9.13,9.26,2238700.0,20494832.0
02618.HK,20231102,9.32,9.37,9.18,9.24,9.13,3427800.0,31732978.5
02618.HK,20231103,9.25,9.57,9.25,9.47,9.24,6089266.0,57642598.32
02618.HK,20231106,9.64,9.92,9.64,9.84,9.47,5853596.0,57427992.76
02618.HK,20231107,9.8,9.88,9.65,9.69,9.84,3896296.0,37850386.5
02618.HK,20231108,9.69,9.81,9.53,9.68,9.69,2719549.0,26358854.43
02618.HK,20231109,9.89,9.89,9.48,9.52,9.68,4110977.0,39545958.91
02618.HK,20231110,9.51,9.51,9.22,9.23,9.52,3800015.0,35283508.95
02618.HK,20231113,9.23,9.28,9.01,9.25,9.23,6351432.0,58039898.4
02618.HK,20231114,9.35,9.39,9.1,9.14,9.25,6825602.0,62774883.54
02618.HK,20231115,9.41,9.91,9.34,9.91,9.14,12134709.0,116646811.82
02618.HK,20231116,10.2,10.34,9.86,10.06,9.91,18967392.0,191010807.2
02618.HK,20231117,9.93,9.98,9.67,9.82,10.06,5786949.0,56818713.74
02618.HK,20231120,9.98,10.06,9.82,10.04,9.82,9081859.0,90518874.18
02618.HK,20231121,10.16,10.24,9.87,9.92,10.04,6080432.0,60897724.9
02618.HK,20231122,9.88,9.9,9.78,9.84,9.92,2573739.0,25328172.35
02618.HK,20231123,9.87,10.14,9.82,10.14,9.84,5452739.0,54599015.24
02618.HK,20231124,10.0,10.0,9.9,9.92,10.14,4456332.0,44269487.88
02618.HK,20231127,10.06,10.06,9.81,9.94,9.92,3407365.0,33731109.9
02618.HK,20231128,9.94,10.02,9.76,9.8,9.94,4390481.0,43319485.8
02618.HK,20231129,9.9,9.9,9.62,9.7,9.8,6482507.0,63014653.02
02618.HK,20231130,9.71,9.92,9.44,9.59,9.7,12721574.0,122077357.54
02618.HK,20231201,9.59,9.59,9.23,9.29,9.59,7760778.0,72417240.54
02618.HK,20231204,9.29,9.5,9.17,9.34,9.29,3778318.0,35418781.67
02618.HK,20231205,9.34,9.34,9.12,9.15,9.34,5736258.0,52802209.47
02618.HK,20231206,9.12,9.48,9.09,9.38,9.15,7503532.0,70056357.32
02618.HK,20231207,9.35,9.35,9.15,9.21,9.38,4559462.0,41924306.19
02618.HK,20231208,9.25,9.33,9.15,9.16,9.21,3194400.0,29462752.0
02618.HK,20231211,9.16,9.16,8.89,9.09,9.16,4900678.0,44090352.05
02618.HK,20231212,9.12,9.24,9.04,9.22,9.09,4543989.0,41716762.15
02618.HK,20231213,9.22,9.22,8.9,8.94,9.22,4769758.0,42794147.94
02618.HK,20231214,9.11,9.19,9.04,9.11,8.94,3878766.0,35279803.0
02618.HK,20231215,9.29,9.58,9.23,9.43,9.11,9322850.0,87790048.98
02618.HK,20231218,9.35,9.36,9.11,9.19,9.43,4181988.0,38429977.84
02618.HK,20231219,9.17,9.17,9.0,9.1,9.19,4873400.0,44245817.9
02618.HK,20231220,9.2,9.3,9.03,9.08,9.1,3736786.0,33971498.32
02618.HK,20231221,9.08,9.27,8.92,9.25,9.08,3793934.0,34670552.27
02618.HK,20231222,9.29,9.31,9.11,9.19,9.25,5518122.0,50719168.46
02618.HK,20231227,9.2,9.32,9.11,9.31,9.19,3528511.0,32570883.72
02618.HK,20231228,9.2,9.73,9.19,9.72,9.31,6775192.0,65137559.46
02618.HK,20231229,9.79,9.81,9.6,9.78,9.72,2672654.0,25953884.36
02618.HK,20240102,9.81,9.82,9.4,9.49,9.78,5087847.0,48477959.54
02618.HK,20240103,9.49,9.49,9.25,9.36,9.49,2804216.0,26167505.36
02618.HK,20240104,9.38,9.52,9.3,9.49,9.36,2572487.0,24219804.9
02618.HK,20240105,9.49,9.61,9.4,9.48,9.49,4180727.0,39753163.73
02618.HK,20240108,9.33,9.57,9.03,9.1,9.48,4137785.0,37716618.58
02618.HK,20240109,9.13,9.17,8.94,8.98,9.1,4051972.0,36555728.8
02618.HK,20240110,8.96,9.09,8.89,8.93,8.98,2763277.0,24751887.02
02618.HK,20240111,8.95,9.09,8.9,8.94,8.93,3132846.0,28117390.07
02618.HK,20240112,8.89,9.0,8.8,8.81,8.94,4187138.0,37127326.46
02618.HK,20240115,8.9,8.99,8.76,8.93,8.81,2292201.0,20365941.1
02618.HK,20240116,8.92,8.92,8.45,8.48,8.93,5699875.0,48983030.81
02618.HK,20240117,8.37,8.38,7.67,7.72,8.48,13057006.0,103560344.87
02618.HK,20240118,7.76,7.95,7.65,7.89,7.72,6742425.0,52772404.1
02618.HK,20240119,7.86,7.93,7.73,7.78,7.89,6302574.0,49201413.76
02618.HK,20240122,7.85,7.85,7.12,7.22,7.78,8737277.0,64005910.32
02618.HK,20240123,7.22,7.56,7.14,7.42,7.22,10831472.0,80231937.29
02618.HK,20240124,7.58,7.73,7.3,7.68,7.42,6506418.0,49137393.46
02618.HK,20240125,7.73,7.79,7.5,7.76,7.68,4467506.0,34447040.02
02618.HK,20240126,7.71,7.77,7.46,7.47,7.76,2996523.0,22693176.16
02618.HK,20240129,7.5,7.68,7.41,7.5,7.47,5434006.0,40743321.3
02618.HK,20240130,7.41,7.41,7.11,7.14,7.5,6024098.0,43394622.29
02618.HK,20240131,7.15,7.23,6.71,6.8,7.14,13809462.0,95235984.8
02618.HK,20240201,6.87,7.23,6.78,7.18,6.8,9936500.0,70677622.7
02618.HK,20240202,7.17,7.33,6.82,6.9,7.18,6766676.0,47602655.34
02618.HK,20240205,6.75,6.93,6.61,6.82,6.9,6924185.0,46896190.95
02618.HK,20240206,6.82,7.34,6.72,7.29,6.82,6856346.0,49042804.06
02618.HK,20240207,7.35,7.56,7.28,7.35,7.29,4945632.0,36529019.0
02618.HK,20240208,7.36,7.55,7.22,7.47,7.35,7694493.0,57189803.37
02618.HK,20240209,7.6,7.63,7.12,7.23,7.47,3261107.0,23991466.04
02618.HK,20240214,7.0,7.33,6.9,7.29,7.23,1420200.0,10215223.5
02618.HK,20240215,7.26,7.35,7.13,7.29,7.29,1744454.0,12663115.41
02618.HK,20240216,7.29,7.81,7.24,7.77,7.29,4561602.0,34947762.44
02618.HK,20240219,7.75,7.75,7.41,7.47,7.77,4632029.0,34677051.41
02618.HK,20240220,7.5,7.58,7.2,7.39,7.47,5976325.0,43723286.8
02618.HK,20240221,7.21,7.86,7.21,7.71,7.39,6769718.0,51991538.88
02618.HK,20240222,7.67,7.87,7.57,7.87,7.71,4559800.0,35296628.0
02618.HK,20240223,7.87,7.87,7.67,7.83,7.87,3697731.0,28732971.7
02618.HK,20240226,7.71,8.0,7.7,7.82,7.83,3699247.0,29048542.84
02618.HK,20240227,7.82,7.95,7.63,7.95,7.82,5659679.0,44129399.08
02618.HK,20240228,8.0,8.0,7.63,7.65,7.95,5993884.0,46762955.21
02618.HK,20240229,7.64,7.82,7.63,7.77,7.65,10399570.0,80523601.98
02618.HK,20240301,7.65,7.84,7.32,7.74,7.77,8308426.0,64024337.063
02618.HK,20240304,7.81,7.86,7.68,7.77,7.74,3653364.0,28354551.74
02618.HK,20240305,7.6,7.68,7.27,7.31,7.77,8473696.0,62798789.61
02618.HK,20240306,7.3,7.75,7.3,7.69,7.31,11190737.0,85104378.07
02618.HK,20240307,8.32,8.68,8.02,8.11,7.69,30037391.0,249116507.25
02618.HK,20240308,8.13,8.16,7.86,7.92,8.11,15127762.0,120511385.58
02618.HK,20240311,7.99,8.33,7.99,8.2,7.92,14368393.0,117945735.75
02618.HK,20240312,8.23,8.61,8.14,8.59,8.2,19070101.0,160605552.94
02618.HK,20240313,8.45,8.52,8.28,8.32,8.59,9687023.0,81027766.97
02618.HK,20240314,8.37,8.47,8.15,8.25,8.32,6928044.0,57363265.3
02618.HK,20240315,8.22,8.22,7.93,8.04,8.25,12078625.0,96953187.59
02618.HK,20240318,8.1,8.25,8.0,8.17,8.04,7267974.0,59289009.72
02618.HK,20240319,8.1,8.14,7.9,8.0,8.17,5419375.0,43510321.13
02618.HK,20240320,8.0,8.2,7.91,8.14,8.0,5742027.0,46606328.03
02618.HK,20240321,8.33,8.39,8.22,8.29,8.14,7966927.0,66112737.35
02618.HK,20240322,8.17,8.21,7.89,7.94,8.29,7155500.0,57169984.2
02618.HK,20240325,7.94,7.97,7.78,7.83,7.94,4551294.0,35738641.25
02618.HK,20240326,7.89,8.13,7.89,8.1,7.83,7198297.0,57860059.47
02618.HK,20240327,8.02,8.05,7.7,7.73,8.1,8685966.0,68263197.85
02618.HK,20240328,7.8,8.1,7.8,7.97,7.73,8888210.0,70921775.44
02618.HK,20240402,8.04,8.2,8.02,8.17,7.97,7354094.0,59881599.16
02618.HK,20240403,8.17,8.17,7.89,7.93,8.17,6643477.0,52967515.66
02618.HK,20240405,7.93,8.2,7.64,7.85,7.93,3345644.0,26107149.39
02618.HK,20240408,7.83,7.88,7.71,7.81,7.85,4918497.0,38376172.79
02618.HK,20240409,7.96,8.06,7.87,8.0,7.81,4282319.0,34326150.05
02618.HK,20240410,8.05,8.13,8.02,8.1,8.0,5771118.0,46662870.54
02618.HK,20240411,7.92,8.06,7.81,7.96,8.1,5507522.0,43677001.62
02618.HK,20240412,7.96,7.96,7.75,7.75,7.96,6276972.0,48981710.78
02618.HK,20240415,7.75,7.77,7.55,7.66,7.75,4423367.0,33952157.91
02618.HK,20240416,7.55,7.61,7.47,7.55,7.66,5457267.0,41177486.42
02618.HK,20240417,7.55,7.78,7.5,7.55,7.55,5328551.0,40384247.11
02618.HK,20240418,7.51,7.79,7.51,7.69,7.55,4584407.0,35279273.78
02618.HK,20240419,7.51,7.64,7.46,7.58,7.69,5780291.0,43646904.07
02618.HK,20240422,7.72,7.94,7.58,7.87,7.58,7228827.0,56865541.05
02618.HK,20240423,7.98,8.21,7.9,8.15,7.87,11403528.0,92473909.74
02618.HK,20240424,8.16,8.2,8.08,8.16,8.15,6224656.0,50692388.52
02618.HK,20240425,8.16,8.36,8.09,8.24,8.16,7846463.0,64682873.9
02618.HK,20240426,8.24,8.55,8.15,8.5,8.24,10724447.0,90495534.08
02618.HK,20240429,8.57,8.75,8.44,8.61,8.5,9690359.0,83566781.1
02618.HK,20240430,8.61,8.75,8.48,8.55,8.61,7975917.0,68473148.09
02618.HK,20240502,8.47,9.25,8.43,9.21,8.55,8968903.0,81362689.29
02618.HK,20240503,9.5,9.53,8.98,9.16,9.21,6878634.0,62811110.54
02618.HK,20240506,9.1,9.14,8.82,9.01,9.16,9187692.0,82542966.77
02618.HK,20240507,9.01,9.16,8.93,8.98,9.01,4879798.0,44012110.94
02618.HK,20240508,8.98,9.05,8.75,8.77,8.98,3951984.0,34984644.7
02618.HK,20240509,8.77,8.97,8.7,8.94,8.77,4565926.0,40596605.78
02618.HK,20240510,8.9,9.03,8.74,8.99,8.94,7214501.0,64574176.58
02618.HK,20240513,9.0,9.23,8.9,9.18,8.99,10505046.0,95785046.51
02618.HK,20240514,9.23,9.59,9.23,9.46,9.18,18089714.0,171547477.38
02618.HK,20240516,9.55,9.82,9.34,9.8,9.46,17937758.0,172291202.93
02618.HK,20240517,10.12,10.28,9.94,10.22,9.8,31265083.0,318485360.9
02618.HK,20240520,10.3,10.3,9.84,9.9,10.22,16676296.0,166749969.12
02618.HK,20240521,9.9,9.92,9.63,9.72,9.9,14057210.0,136884755.87
02618.HK,20240522,9.72,9.87,9.7,9.78,9.72,8673136.0,84925156.91
02618.HK,20240523,9.71,9.71,9.46,9.63,9.78,10019271.0,96080661.34
02618.HK,20240524,9.49,9.54,8.97,9.11,9.63,15242280.0,139451121.07
02618.HK,20240527,9.16,9.24,8.86,9.06,9.11,9171391.0,82470900.9
02618.HK,20240528,9.01,9.3,8.97,9.02,9.06,7531468.0,68327859.42
02618.HK,20240529,9.03,9.08,8.73,8.77,9.02,11990036.0,106298061.411
02618.HK,20240530,8.83,8.94,8.72,8.81,8.77,11014505.0,96944510.62
02618.HK,20240531,8.9,9.03,8.47,8.52,8.81,16188489.0,140067702.41
02618.HK,20240603,8.64,8.88,8.6,8.68,8.52,10562976.0,92276661.4
02618.HK,20240604,8.68,8.8,8.55,8.62,8.68,8688771.0,75026353.57
02618.HK,20240605,8.67,8.81,8.6,8.66,8.62,5715442.0,49690818.55
02618.HK,20240606,8.7,8.83,8.55,8.59,8.66,5162163.0,44634379.62
02618.HK,20240607,8.59,8.64,8.44,8.5,8.59,3999085.0,34067296.4
02618.HK,20240611,8.5,8.5,8.23,8.36,8.5,5184528.0,43229560.01
02618.HK,20240612,8.36,8.41,8.2,8.31,8.36,4821642.0,40018521.94
02618.HK,20240613,8.31,8.58,8.3,8.56,8.31,9787578.0,82833585.82
02618.HK,20240614,8.55,8.62,8.32,8.52,8.56,8106887.0,69064126.73
02618.HK,20240617,8.52,8.65,8.37,8.57,8.52,3644508.0,31290219.66
02618.HK,20240618,8.58,8.74,8.57,8.68,8.57,6801320.0,59076168.86
02618.HK,20240619,8.78,8.85,8.68,8.85,8.68,4512373.0,39702962.85
02618.HK,20240620,8.85,8.85,8.42,8.47,8.85,7137661.0,60983154.21
02618.HK,20240621,8.4,8.5,8.32,8.34,8.47,5757850.0,48192796.06
02618.HK,20240624,8.31,8.32,8.08,8.27,8.34,3919797.0,32104112.33
02618.HK,20240625,8.3,8.34,8.16,8.2,8.27,4148447.0,34136477.28
02618.HK,20240626,8.14,8.4,8.11,8.32,8.2,4924081.0,40826936.75
02618.HK,20240627,8.31,8.32,8.05,8.1,8.32,4702750.0,38249105.0
02618.HK,20240628,8.12,8.4,8.09,8.38,8.1,5272548.0,43981154.51
02618.HK,20240702,8.3,8.44,8.2,8.24,8.38,7250968.0,60396837.02
02618.HK,20240703,8.24,8.65,8.2,8.59,8.24,5962977.0,50873043.71
02618.HK,20240704,8.68,8.74,8.54,8.62,8.59,3635852.0,31338376.68
02618.HK,20240705,8.63,8.71,8.51,8.51,8.62,3724735.0,31971011.49
02618.HK,20240708,8.45,8.63,8.29,8.29,8.51,3511400.0,29399296.74
02618.HK,20240709,8.33,8.37,8.16,8.23,8.29,5538319.0,45567091.2
02618.HK,20240710,8.29,8.48,8.18,8.21,8.23,4117264.0,34104298.12
02618.HK,20240711,8.3,8.49,8.25,8.48,8.21,3391057.0,28585450.56
02618.HK,20240712,8.48,8.69,8.48,8.69,8.48,4803348.0,41467590.7
02618.HK,20240715,8.68,8.68,8.25,8.31,8.69,6689357.0,55924185.45
02618.HK,20240716,8.3,8.3,8.13,8.18,8.31,6259911.0,51190831.49
02618.HK,20240717,8.15,8.36,8.15,8.32,8.18,3426075.0,28460967.96
02618.HK,20240718,8.32,8.36,8.17,8.25,8.32,2969927.0,24524851.66
02618.HK,20240719,8.26,8.28,8.13,8.15,8.25,7438625.0,60775783.3
02618.HK,20240722,8.15,8.28,8.09,8.26,8.15,3324572.0,27241935.73
02618.HK,20240723,8.16,8.18,7.93,7.95,8.26,8503932.0,68200690.81
02618.HK,20240724,7.93,8.04,7.83,7.84,7.95,4391057.0,34589373.08
02618.HK,20240725,7.84,7.88,7.74,7.78,7.84,7212447.0,56236900.81
02618.HK,20240726,7.9,8.08,7.88,7.9,7.78,4744430.0,37716646.3
02618.HK,20240729,7.9,8.1,7.9,8.01,7.9,5478775.0,43928252.8
02618.HK,20240730,7.89,8.0,7.71,7.75,8.01,6006156.0,46766586.86
02618.HK,20240731,7.79,8.1,7.76,8.05,7.75,6567626.0,52750027.92
02618.HK,20240801,8.01,8.01,7.87,7.94,8.05,3153582.0,25040119.38
02618.HK,20240802,7.85,7.9,7.79,7.88,7.94,2420504.0,19013172.89
02618.HK,20240805,7.86,8.03,7.72,7.83,7.88,5607110.0,43867094.0
02618.HK,20240806,7.94,8.05,7.83,7.93,7.83,3580958.0,28411030.94
02618.HK,20240807,7.97,8.03,7.88,7.89,7.93,3444795.0,27317838.68
02618.HK,20240808,7.83,7.97,7.72,7.87,7.89,3319580.0,26094959.5
02618.HK,20240809,7.91,8.05,7.91,7.94,7.87,3323277.0,26518204.01
02618.HK,20240812,7.91,8.0,7.86,7.97,7.94,3336442.0,26508144.08
02618.HK,20240813,7.97,8.06,7.88,7.98,7.97,3946130.0,31466626.12
02618.HK,20240814,7.98,8.08,7.96,8.01,7.98,2393472.0,19200228.06
02618.HK,20240815,7.94,7.98,7.68,7.78,8.01,7699769.0,59898491.08
02618.HK,20240816,8.51,9.49,8.46,9.49,7.78,50949078.0,459711720.7
02618.HK,20240819,9.59,10.06,9.56,9.97,9.49,31563416.0,312740803.65
02618.HK,20240820,9.99,9.99,9.66,9.74,9.97,16665774.0,163126616.77
02618.HK,20240821,9.5,9.68,9.23,9.61,9.74,17097060.0,162402294.49
02618.HK,20240822,9.7,9.97,9.57,9.7,9.61,14126440.0,137410328.64
02618.HK,20240823,9.51,9.63,9.33,9.42,9.7,12028572.0,113744410.11
02618.HK,20240826,9.42,9.6,9.24,9.37,9.42,8029868.0,75318697.75
02618.HK,20240827,9.37,9.49,9.25,9.48,9.37,6700069.0,63125309.31
02618.HK,20240828,9.41,9.42,9.04,9.21,9.48,9022619.0,82804395.99
02618.HK,20240829,9.1,9.48,9.04,9.47,9.21,9635962.0,90116531.21
02618.HK,20240830,9.47,9.68,9.33,9.55,9.47,13249719.0,126532599.67
02618.HK,20240902,9.5,9.5,9.18,9.34,9.55,6684754.0,62161633.6
02618.HK,20240903,9.34,9.65,9.28,9.64,9.34,10368034.0,99104064.14
02618.HK,20240904,9.53,9.56,9.33,9.47,9.64,6991358.0,65984776.92
02618.HK,20240905,9.5,9.53,9.36,9.5,9.47,12910072.0,121952045.01
02618.HK,20240909,9.42,9.52,9.27,9.52,9.5,25422653.0,240799925.14
02618.HK,20240910,9.52,9.95,9.4,9.88,9.52,22303721.0,216346471.394
02618.HK,20240911,9.82,10.1,9.77,9.91,9.88,12522320.0,124627930.28
02618.HK,20240912,9.9,10.04,9.82,9.93,9.91,7635673.0,76006050.42
02618.HK,20240913,9.94,10.04,9.87,9.9,9.93,7407194.0,73676866.28
02618.HK,20240916,9.9,10.22,9.77,10.2,9.9,6762330.0,68057444.1
02618.HK,20240917,10.04,10.32,10.02,10.24,10.2,4575836.0,46789358.32
02618.HK,20240919,10.04,10.38,10.04,10.3,10.24,14667752.0,150480769.6
02618.HK,20240920,10.22,10.4,10.06,10.2,10.3,16224591.0,165301042.9
02618.HK,20240923,10.02,10.26,10.0,10.24,10.2,8237232.0,83744233.58
02618.HK,20240924,10.38,10.6,10.26,10.58,10.24,17115085.0,179469977.44
02618.HK,20240925,10.88,11.12,10.58,10.7,10.58,19804011.0,213566360.13
02618.HK,20240926,10.8,11.5,10.62,11.5,10.7,19994258.0,223678734.54
02618.HK,20240927,12.1,13.4,12.08,13.4,11.5,57912159.0,743712062.52
02618.HK,20240930,14.26,14.38,13.66,14.0,13.4,57828320.0,811067730.18
02618.HK,20241002,14.1,15.6,14.04,15.42,14.0,41278101.0,618029936.34
02618.HK,20241003,15.42,15.46,13.72,14.4,15.42,24651216.0,353675898.58
02618.HK,20241004,14.42,14.98,14.22,14.98,14.4,19783663.0,292646450.95
02618.HK,20241007,15.2,15.24,14.38,15.0,14.98,17296670.0,256004826.18
02618.HK,20241008,15.0,15.06,12.94,13.24,15.0,33839881.0,464723679.56
02618.HK,20241009,13.68,13.8,12.38,12.98,13.24,23376586.0,306457165.64
02618.HK,20241010,13.36,13.94,13.12,13.42,12.98,19382550.0,261403250.28
02618.HK,20241014,13.4,14.12,12.96,14.0,13.42,32912669.0,452741736.52
02618.HK,20241015,14.14,14.4,13.54,13.82,14.0,21803197.0,303874206.12
02618.HK,20241016,13.42,14.5,13.42,14.38,13.82,23591285.0,335443696.58
02618.HK,20241017,14.64,14.76,13.9,14.02,14.38,16543427.0,236520509.43
02618.HK,20241018,14.2,14.88,14.12,14.86,14.02,19766510.0,287570549.7
02618.HK,20241021,14.6,14.98,14.4,14.86,14.86,13983457.0,206781123.12
02618.HK,20241022,15.0,15.18,14.78,15.1,14.86,18529082.0,278646852.96
02618.HK,20241023,15.1,16.26,14.7,16.06,15.1,31011565.0,484867461.04
02618.HK,20241024,16.12,16.3,15.74,16.0,16.06,24008513.0,383443805.36
02618.HK,20241025,16.08,16.48,15.52,16.34,16.0,25663264.0,412684460.66
02618.HK,20241028,16.48,16.84,16.06,16.08,16.34,20545302.0,336715128.14
02618.HK,20241029,16.4,16.78,15.76,15.9,16.08,18714303.0,302008033.86
02618.HK,20241030,15.52,15.84,15.2,15.64,15.9,17470374.0,271025806.42
02618.HK,20241031,15.54,15.98,15.32,15.8,15.64,17009804.0,268630891.8
02618.HK,20241101,15.92,16.26,15.68,15.96,15.8,8473258.0,135336723.36
02618.HK,20241104,15.8,15.9,15.44,15.8,15.96,10254748.0,160398712.56
02618.HK,20241105,15.8,15.94,15.48,15.84,15.8,14543724.0,227990841.61
02618.HK,20241106,15.9,16.1,15.36,15.62,15.84,11251303.0,175757367.42
02618.HK,20241107,15.6,15.9,15.06,15.8,15.62,13814327.0,215515556.0
02618.HK,20241108,16.1,16.4,15.82,16.02,15.8,12365696.0,198713009.5
02618.HK,20241111,15.7,15.8,15.4,15.68,16.02,7930196.0,123813264.0
02618.HK,20241112,15.46,16.0,15.2,15.34,15.68,11476617.0,178409225.86
02618.HK,20241113,15.06,15.82,15.04,15.82,15.34,8765586.0,135812539.88
02618.HK,20241114,15.54,15.64,14.44,14.92,15.82,18750874.0,280421560.46
02618.HK,20241115,15.66,15.66,13.84,14.16,14.92,39137797.0,564664046.36
02618.HK,20241118,14.38,15.16,14.38,14.88,14.16,15512609.0,230937583.308
02618.HK,20241119,15.18,15.18,14.48,14.6,14.88,10348454.0,152115507.64
02618.HK,20241120,14.66,14.78,14.28,14.44,14.6,8431549.0,122122550.9
02618.HK,20241121,14.58,14.58,14.08,14.36,14.44,9687241.0,138379043.88
02618.HK,20241122,14.34,14.46,13.68,13.92,14.36,12026006.0,167858658.48
02618.HK,20241125,13.92,14.2,13.8,14.2,13.92,18068578.0,255221695.28
02618.HK,20241126,14.2,14.24,13.66,13.8,14.2,8431486.0,116292551.52
02618.HK,20241127,13.8,14.26,13.52,14.24,13.8,14894415.0,207464298.94
02618.HK,20241128,14.3,14.3,13.96,14.06,14.24,6432482.0,90515746.72
02618.HK,20241129,13.98,14.3,13.78,13.9,14.06,11034908.0,153976570.62
02618.HK,20241202,13.88,14.2,13.66,14.1,13.9,5848872.0,82217702.72
02618.HK,20241203,14.34,14.6,13.94,14.56,14.1,12980551.0,186764217.18
02618.HK,20241204,14.5,14.68,14.3,14.5,14.56,6760822.0,97645300.3
02618.HK,20241205,14.5,14.54,14.02,14.14,14.5,5073734.0,71901024.3
02618.HK,20241206,14.18,14.36,13.8,14.36,14.14,11239224.0,159261161.74
02618.HK,20241209,14.4,14.76,14.1,14.76,14.36,13150382.0,190199120.04
02618.HK,20241210,15.38,15.48,14.48,14.5,14.76,16283313.0,241027752.04
02618.HK,20241211,14.52,14.72,14.38,14.48,14.5,6828077.0,99288605.34
02618.HK,20241212,14.32,14.48,14.08,14.08,14.48,7509458.0,106826464.96
02618.HK,20241213,14.08,14.08,13.66,13.88,14.08,10883558.0,150131127.92
02618.HK,20241216,13.84,14.04,13.78,13.92,13.88,6536122.0,90959058.72
02618.HK,20241217,13.92,13.92,13.5,13.7,13.92,10575898.0,144555837.1
02618.HK,20241218,13.76,13.94,13.66,13.9,13.7,4315349.0,59728522.66
02618.HK,20241219,13.76,13.86,13.64,13.84,13.9,6074312.0,83797591.18
02618.HK,20241220,13.9,13.9,13.42,13.42,13.84,6887362.0,93055090.24
02618.HK,20241223,13.42,13.66,13.3,13.5,13.42,5500872.0,74140108.48
02618.HK,20241224,13.48,13.48,13.26,13.38,13.5,4315832.0,57629968.46
02618.HK,20241227,13.42,13.42,12.74,13.1,13.38,15048036.0,195005366.56
02618.HK,20241230,13.06,13.14,12.84,13.04,13.1,4615731.0,60000007.52
02618.HK,20241231,12.96,12.96,12.76,12.8,13.04,3191360.0,40960768.62
02618.HK,20250102,12.8,12.98,12.54,12.68,12.8,5724074.0,72503534.18
02618.HK,20250103,12.76,13.18,12.74,12.86,12.68,7049881.0,91388832.42
02618.HK,20250106,12.86,12.88,11.94,12.08,12.86,16140396.0,196726040.14
02618.HK,20250107,12.08,12.3,11.82,12.26,12.08,10057396.0,121405336.23
02618.HK,20250108,12.3,12.3,11.86,11.96,12.26,14301162.0,171566022.18
02618.HK,20250109,11.94,12.08,11.82,12.08,11.96,6627608.0,79597465.38
02618.HK,20250110,12.08,12.1,11.66,11.82,12.08,6694924.0,79001686.88
02618.HK,20250113,11.7,11.76,11.38,11.76,11.82,11471551.0,134018748.51
02618.HK,20250114,11.74,12.12,11.54,12.1,11.76,7711286.0,91777601.4
02618.HK,20250115,12.1,12.1,11.84,11.98,12.1,5927909.0,70944141.16
02618.HK,20250116,12.02,12.38,11.98,12.08,11.98,9003233.0,108935391.68
02618.HK,20250117,12.08,12.44,11.86,12.34,12.08,7219573.0,88282155.64
02618.HK,20250120,12.6,12.94,12.54,12.68,12.34,12853171.0,163536962.5
02618.HK,20250121,12.8,13.06,12.76,12.98,12.68,8209929.0,106251927.5
02618.HK,20250122,12.92,12.92,12.54,12.66,12.98,6278719.0,79406142.18
02618.HK,20250123,12.66,12.9,12.56,12.62,12.66,4594198.0,58171273.66
02618.HK,20250124,12.74,13.0,12.66,13.0,12.62,9670581.0,124382544.9
02618.HK,20250127,13.08,13.52,13.04,13.22,13.0,8999838.0,119637950.82
02618.HK,20250128,13.32,13.36,12.9,13.34,13.22,3024320.0,39931195.2
02618.HK,20250203,13.3,13.34,12.58,12.84,13.34,6459909.0,82603651.34
02618.HK,20250204,12.9,13.3,12.82,13.3,12.84,7187974.0,94076527.7
02618.HK,20250205,13.18,13.24,12.88,13.0,13.3,8886503.0,115720527.64
02618.HK,20250206,12.92,13.12,12.76,13.0,13.0,8826747.0,113993467.74
02618.HK,20250207,13.0,13.14,12.82,12.96,13.0,8819039.0,114857920.98
02618.HK,20250210,12.9,13.6,12.84,13.52,12.96,12499784.0,166175176.52
02618.HK,20250211,13.7,14.06,13.4,13.82,13.52,13255386.0,183350876.84
02618.HK,20250212,14.14,14.68,14.12,14.5,13.82,28249403.0,410107201.3
02618.HK,20250213,14.72,15.12,14.28,14.4,14.5,19292444.0,283247371.0
02618.HK,20250214,14.62,15.0,14.5,14.9,14.4,13672674.0,201933403.18
02618.HK,20250217,15.02,15.06,14.02,14.28,14.9,13561219.0,195338893.96
02618.HK,20250218,14.34,14.56,14.16,14.44,14.28,7718270.0,110866833.24
02618.HK,20250219,14.36,14.36,13.82,13.94,14.44,14179491.0,198161857.2
02618.HK,20250220,14.0,14.2,13.62,13.98,13.94,10799219.0,150873023.52
02618.HK,20250221,14.24,14.86,14.2,14.76,13.98,16604902.0,241534537.04
02618.HK,20250224,14.78,14.8,14.36,14.62,14.76,10014724.0,145743844.18
02618.HK,20250225,13.8,14.66,13.8,14.32,14.62,11785309.0,168759716.28
02618.HK,20250226,14.5,15.0,14.38,14.82,14.32,13492881.0,199767385.7
02618.HK,20250227,14.84,14.98,14.34,14.62,14.82,10902221.0,159172811.8
02618.HK,20250228,14.6,14.6,13.74,13.92,14.62,13613317.0,190579141.4
02618.HK,20250303,13.94,14.38,13.9,14.06,13.92,9158042.0,129223657.14
02618.HK,20250304,13.88,14.64,13.72,14.56,14.06,8839740.0,126447534.84
02618.HK,20250305,14.7,15.36,14.66,15.24,14.56,19174092.0,290607719.86
02618.HK,20250306,15.5,15.64,15.14,15.46,15.24,23672917.0,364658559.32
02618.HK,20250307,14.8,14.8,13.2,13.2,15.46,110761456.0,1529142034.14
02618.HK,20250310,13.32,13.54,12.96,13.12,13.2,32607977.0,431699808.42
02618.HK,20250311,12.88,13.82,12.82,13.74,13.12,32523907.0,439621251.54
02618.HK,20250312,13.82,13.88,13.18,13.32,13.74,16316398.0,220297862.2
02618.HK,20250313,13.38,13.4,13.04,13.36,13.32,15388120.0,203225399.36
02618.HK,20250314,13.44,13.54,13.32,13.46,13.36,15982189.0,214933241.12
02618.HK,20250317,13.58,13.68,13.2,13.52,13.46,13100519.0,177363722.88
02618.HK,20250318,13.86,13.86,13.58,13.82,13.52,18836992.0,258837797.82
02618.HK,20250319,13.78,13.84,13.56,13.68,13.82,9758312.0,133226761.62
02618.HK,20250320,13.68,13.68,13.32,13.34,13.68,12248624.0,164616508.4
02618.HK,20250321,13.32,13.34,12.8,13.06,13.34,18093495.0,235618429.56
02618.HK,20250324,13.1,13.16,12.78,13.06,13.06,7907819.0,102143651.82
02618.HK,20250325,13.0,13.02,12.74,12.74,13.06,8614087.0,110580445.62
02618.HK,20250326,12.82,13.04,12.8,13.0,12.74,7712662.0,99768592.86
02618.HK,20250327,13.1,13.1,12.82,12.96,13.0,5169253.0,67037784.84
02618.HK,20250328,13.0,13.14,12.72,12.86,12.96,6501665.0,83854808.2
02618.HK,20250331,12.78,12.78,12.42,12.56,12.86,9004272.0,113012079.44
02618.HK,20250401,12.64,12.88,12.54,12.76,12.56,6876474.0,87636504.46
02618.HK,20250402,12.8,12.84,12.52,12.68,12.76,12051889.0,152368169.36
02618.HK,20250403,12.38,12.56,12.18,12.4,12.68,9324636.0,115248297.98
02618.HK,20250407,11.5,11.62,10.08,10.3,12.4,34652510.0,371408027.14
02618.HK,20250408,10.34,10.86,10.34,10.86,10.3,21363304.0,228399450.36
02618.HK,20250409,10.5,11.2,10.26,11.16,10.86,17625934.0,189120776.92
02618.HK,20250410,11.58,11.58,11.2,11.38,11.16,11860181.0,135481477.7
02618.HK,20250411,11.22,11.7,11.2,11.62,11.38,10319649.0,118852907.86
02618.HK,20250414,12.0,12.26,11.9,11.98,11.62,10078032.0,121297510.84
02618.HK,20250415,12.08,12.18,11.8,11.96,11.98,6023760.0,71814163.8
02618.HK,20250416,11.9,11.9,11.4,11.6,11.96,7998750.0,92564954.2
02618.HK,20250417,11.56,11.76,11.4,11.7,11.6,5579625.0,65032227.07
02618.HK,20250422,11.88,12.0,11.52,11.92,11.7,9202272.0,109299858.56
02618.HK,20250423,12.12,12.24,12.0,12.14,11.92,11199142.0,135525132.3
02618.HK,20250424,12.16,12.2,11.78,11.94,12.14,6697959.0,80004331.94
02618.HK,20250425,11.9,12.08,11.66,11.76,11.94,8044885.0,95571758.24
02618.HK,20250428,11.72,12.0,11.72,11.9,11.76,4756945.0,56608858.2
02618.HK,20250429,11.9,12.08,11.78,11.96,11.9,6886941.0,82367936.1
02618.HK,20250430,12.0,12.24,11.86,12.24,11.96,8141328.0,99024899.2
02618.HK,20250502,12.26,12.28,12.02,12.18,12.24,3313310.0,40366076.1
02618.HK,20250506,12.26,12.44,12.2,12.24,12.18,6772534.0,83190648.04
02618.HK,20250507,12.48,12.54,12.24,12.28,12.24,7333892.0,90561171.26
02618.HK,20250508,12.3,12.38,12.14,12.2,12.28,8795967.0,107427526.02
02618.HK,20250509,12.2,12.22,12.02,12.22,12.2,5857247.0,71088384.88
02618.HK,20250512,12.44,12.6,12.26,12.54,12.22,14330683.0,177711354.0
02618.HK,20250513,12.5,12.52,12.14,12.24,12.54,9763696.0,119527701.26
02618.HK,20250514,12.02,12.14,11.64,11.76,12.24,32846159.0,387372773.98
02618.HK,20250515,11.78,11.84,11.58,11.62,11.76,14034717.0,163800756.16
02618.HK,20250516,11.58,11.68,11.42,11.64,11.62,10858444.0,125115027.12
02618.HK,20250519,11.66,11.84,11.52,11.76,11.64,8462454.0,99373102.34
02618.HK,20250520,11.84,11.96,11.62,11.92,11.76,10015210.0,118596362.9
02618.HK,20250521,11.92,11.96,11.78,11.84,11.92,7398138.0,87775930.764
02618.HK,20250522,11.86,11.86,11.5,11.5,11.84,10648285.0,123356233.74
02618.HK,20250523,11.58,11.7,11.5,11.56,11.5,6572801.0,76131321.22
02618.HK,20250526,11.56,11.8,11.5,11.78,11.56,7935592.0,92818887.78
02618.HK,20250527,11.84,11.94,11.72,11.82,11.78,5744479.0,67891852.04
02618.HK,20250528,11.9,12.36,11.86,12.18,11.82,17062657.0,207670771.08
02618.HK,20250529,12.2,12.64,12.18,12.54,12.18,15804084.0,196928595.46
02618.HK,20250530,12.56,12.88,12.38,12.44,12.54,20453243.0,257028494.5
02618.HK,20250602,12.44,12.44,11.76,12.0,12.44,4478010.0,53413746.47
02618.HK,20250603,12.4,12.4,12.08,12.12,12.0,8089717.0,98483100.26
02618.HK,20250604,12.26,12.26,12.02,12.2,12.12,7444142.0,90516147.6
02618.HK,20250605,12.22,12.3,12.12,12.22,12.2,6224532.0,75978107.74
02618.HK,20250606,12.24,12.3,12.0,12.16,12.22,6695364.0,81258074.9
02618.HK,20250609,12.22,12.48,12.14,12.38,12.16,9041606.0,111530306.36
02618.HK,20250610,12.56,12.58,12.2,12.4,12.38,5417716.0,66904456.34
02618.HK,20250611,12.42,12.52,12.32,12.5,12.4,7380454.0,91944563.46
02618.HK,20250612,12.52,12.64,12.32,12.58,12.5,8384855.0,104869522.52
02618.HK,20250613,12.38,12.5,12.14,12.26,12.58,10301439.0,126455083.48
02618.HK,20250616,12.26,12.46,12.16,12.44,12.26,7482602.0,92199391.0
02618.HK,20250617,12.44,12.6,12.2,12.28,12.44,5998248.0,73916266.42
02618.HK,20250618,12.2,12.22,11.86,11.96,12.28,10894659.0,130177545.1
02618.HK,20250619,11.84,11.94,11.54,11.54,11.96,7592744.0,88585716.52
02618.HK,20250620,11.58,12.04,11.58,11.96,11.54,18735743.0,223355829.26
02618.HK,20250623,11.94,12.0,11.74,12.0,11.96,8260688.0,98408138.13
02618.HK,20250624,12.06,12.36,12.04,12.3,12.0,8154553.0,99976971.2
02618.HK,20250625,12.42,13.5,12.4,13.18,12.3,56204997.0,741575377.22
02618.HK,20250626,13.22,13.24,12.6,12.66,13.18,16089220.0,206365510.06
02618.HK,20250627,12.86,13.32,12.68,13.08,12.66,20412607.0,267125437.4
02618.HK,20250630,13.32,13.5,13.02,13.14,13.08,14453017.0,190393139.72
02618.HK,20250702,13.24,13.34,12.94,13.0,13.14,11878453.0,155153914.78
02618.HK,20250703,12.98,13.2,12.82,13.14,13.0,9231944.0,120138378.54
02618.HK,20250704,13.12,13.12,12.84,12.98,13.14,5892591.0,76168663.46
02618.HK,20250707,12.98,13.0,12.7,12.84,12.98,5851076.0,74953335.3
02618.HK,20250708,12.9,12.98,12.68,12.98,12.84,9799654.0,125785458.76
02618.HK,20250709,12.98,13.02,12.72,12.78,12.98,7494340.0,96348578.38
02618.HK,20250710,12.78,13.2,12.72,13.16,12.78,13787731.0,180402139.84
02618.HK,20250711,13.28,13.48,13.14,13.18,13.16,15999992.0,213422851.08
02618.HK,20250714,13.36,13.7,13.26,13.4,13.18,13413182.0,179664744.88
02618.HK,20250715,13.4,13.4,13.12,13.36,13.4,9503212.0,125892223.44
02618.HK,20250716,13.26,13.82,13.26,13.36,13.36,12467738.0,168619902.58
02618.HK,20250717,13.54,13.58,13.38,13.54,13.36,6816190.0,92067695.1
02618.HK,20250718,13.7,13.9,13.58,13.88,13.54,13262271.0,182536719.34
02618.HK,20250721,13.9,14.02,13.74,14.02,13.88,8798424.0,122820664.36
02618.HK,20250722,14.04,14.04,13.66,13.78,14.02,9128799.0,125687465.7
02618.HK,20250723,13.92,13.92,13.62,13.92,13.78,11183936.0,154027806.18
02618.HK,20250724,13.9,14.08,13.8,14.0,13.92,8803792.0,122930507.16
02618.HK,20250725,13.98,14.36,13.84,14.28,14.0,15280479.0,217756662.74
02618.HK,20250728,14.4,14.54,14.08,14.2,14.28,8901299.0,127128491.98
02618.HK,20250729,14.24,14.5,14.02,14.5,14.2,13707301.0,196016020.14
02618.HK,20250730,14.56,14.56,13.92,14.1,14.5,10119187.0,143962829.52
02618.HK,20250731,14.1,14.14,13.56,13.66,14.1,13702721.0,188327429.7
02618.HK,20250801,13.66,14.06,13.58,13.74,13.66,13495552.0,187109574.38
02618.HK,20250804,13.74,13.84,13.52,13.83,13.74,5551281.0,76042254.09
02618.HK,20250805,13.9,13.93,13.73,13.91,13.83,3352089.0,46356627.3
02618.HK,20250806,13.9,13.9,13.57,13.62,13.91,8366755.0,114190150.8
02618.HK,20250807,13.62,14.17,13.62,14.08,13.62,11527556.0,161437514.07
02618.HK,20250808,14.0,14.3,13.88,14.06,14.08,10358551.0,146282693.21
02618.HK,20250811,14.04,14.22,13.76,13.86,14.06,8798406.0,121741255.73
02618.HK,20250812,13.85,13.87,13.35,13.48,13.86,12714645.0,171899745.42
02618.HK,20250813,13.55,14.0,13.55,14.0,13.48,13062327.0,181072665.42
02618.HK,20250814,14.15,14.27,13.84,13.96,14.0,11450818.0,160644628.02
02618.HK,20250815,13.71,13.71,12.96,13.33,13.96,59632995.0,785375476.35
02618.HK,20250818,13.31,13.55,13.03,13.33,13.33,23397221.0,312349789.73
02618.HK,20250819,13.48,13.5,13.13,13.2,13.33,12822401.0,170124199.21
02618.HK,20250820,13.2,13.29,13.03,13.13,13.2,11140818.0,146377844.02
02618.HK,20250821,13.14,13.31,12.93,13.01,13.13,14299091.0,186861543.39
02618.HK,20250822,13.03,13.06,12.84,12.99,13.01,10882517.0,140720923.9
02618.HK,20250825,13.49,14.0,13.42,13.95,12.99,41704519.0,574588219.28
02618.HK,20250826,13.85,14.0,13.66,13.82,13.95,16668693.0,230893881.96
02618.HK,20250827,13.82,13.82,13.2,13.29,13.82,22261755.0,299411114.41
02618.HK,20250828,13.15,13.15,12.61,12.78,13.29,31223390.0,401898455.58
02618.HK,20250829,12.93,13.06,12.83,12.83,12.78,16389351.0,211845351.44
02618.HK,20250901,13.01,13.1,12.82,13.08,12.83,12651788.0,164213870.44
02618.HK,20250902,13.15,13.19,12.89,13.0,13.08,8614618.0,112115414.94
02618.HK,20250903,12.94,13.08,12.78,12.83,13.0,11150338.0,143517897.29
02618.HK,20250904,12.83,12.9,12.65,12.7,12.83,10738235.0,136711007.29
02618.HK,20250905,12.82,13.1,12.8,13.09,12.7,44677183.0,583735955.34
02618.HK,20250908,13.13,13.56,13.1,13.53,13.09,38727173.0,514012697.95
02618.HK,20250909,13.7,13.7,13.2,13.26,13.53,16864367.0,225825100.52
02618.HK,20250910,13.26,14.2,13.25,13.85,13.26,37564088.0,516500563.83
02618.HK,20250911,13.71,13.73,13.46,13.64,13.85,18441075.0,250453929.23
02618.HK,20250912,13.9,13.9,13.64,13.75,13.64,14853864.0,204072739.9
02618.HK,20250915,13.6,13.65,13.45,13.53,13.75,13808478.0,186947533.54
02618.HK,20250916,13.64,13.9,13.51,13.66,13.53,11765966.0,160928293.06
02618.HK,20250917,13.67,13.99,13.67,13.95,13.66,19174153.0,266475006.55
02618.HK,20250918,13.95,14.05,13.58,13.73,13.95,22523316.0,311338837.31
02618.HK,20250919,13.73,14.2,13.6,13.87,13.73,22495918.0,313808865.69
02618.HK,20250922,13.8,13.87,13.32,13.4,13.87,17056182.0,229700692.52
02618.HK,20250923,13.44,13.44,12.92,12.98,13.4,19373778.0,252715609.85
02618.HK,20250924,12.95,12.99,12.85,12.97,12.98,16534180.0,213702360.01
02618.HK,20250925,13.02,13.32,12.93,13.1,12.97,16063528.0,210944643.88
02618.HK,20250926,13.11,13.11,12.83,12.83,13.1,10852655.0,140166963.58
02618.HK,20250929,12.9,13.1,12.83,13.02,12.83,12548761.0,162647803.43
02618.HK,20250930,13.1,13.12,12.91,13.1,13.02,13524206.0,175905448.7
02618.HK,20251002,12.8,13.18,12.8,12.98,13.1,11789174.0,153628378.56
02618.HK,20251003,12.9,12.96,12.72,12.89,12.98,8422221.0,108177016.99
02618.HK,20251006,12.89,12.89,12.67,12.67,12.89,5150706.0,65504813.22
02618.HK,20251008,12.67,12.67,12.18,12.55,12.67,9901770.0,123060151.09
02618.HK,20251009,12.67,13.12,12.67,12.99,12.55,19634505.0,254937467.71
02618.HK,20251010,12.9,13.08,12.83,12.91,12.99,8781511.0,113656123.39
02618.HK,20251013,12.5,12.58,12.14,12.52,12.91,32134707.0,398190342.98
02618.HK,20251014,12.6,12.76,12.21,12.22,12.52,19291191.0,239754820.72
02618.HK,20251015,12.29,12.52,12.27,12.46,12.22,10908471.0,135653179.21
02618.HK,20251016,12.53,12.6,12.35,12.46,12.46,9351606.0,116661588.8
02618.HK,20251017,12.43,12.48,12.04,12.07,12.46,14837530.0,180870219.34
02618.HK,20251020,12.33,12.41,12.25,12.31,12.07,9584295.0,118112042.03
02618.HK,20251021,12.32,12.66,12.32,12.54,12.31,10696168.0,134462887.88
02618.HK,20251022,12.44,12.52,12.37,12.42,12.54,6863782.0,85321559.57
02618.HK,20251023,12.42,12.76,12.3,12.67,12.42,12435258.0,156258510.1
02618.HK,20251024,12.79,12.82,12.55,12.61,12.67,6843236.0,86468263.72
02618.HK,20251027,12.82,12.93,12.7,12.75,12.61,9820576.0,125572912.43
02618.HK,20251028,12.85,12.85,12.55,12.58,12.75,7940040.0,100373423.43
02618.HK,20251030,12.71,12.75,12.47,12.57,12.58,13104543.0,165461432.36
02618.HK,20251031,12.45,12.79,12.42,12.66,12.57,15154335.0,191932694.82
02618.HK,20251103,12.66,12.79,12.51,12.75,12.66,7874863.0,99694655.52
02618.HK,20251104,12.7,12.8,12.46,12.54,12.75,6831122.0,86156144.0
02618.HK,20251105,12.44,12.45,12.19,12.41,12.54,8554974.0,105644482.75
02618.HK,20251106,12.49,12.57,12.34,12.55,12.41,7084128.0,88695519.64
02618.HK,20251107,12.49,12.49,12.25,12.31,12.55,9591470.0,118224903.06
02618.HK,20251110,12.4,12.83,12.36,12.77,12.31,12915995.0,163642549.78
02618.HK,20251111,12.77,12.92,12.69,12.92,12.77,9510952.0,121988863.49
02618.HK,20251112,12.99,13.14,12.92,13.0,12.92,10065337.0,131122681.17
02618.HK,20251113,13.01,13.12,12.81,12.9,13.0,8314481.0,107567889.31
02618.HK,20251114,12.55,12.69,12.33,12.4,12.9,22050341.0,274933007.01
02618.HK,20251117,12.42,12.42,12.15,12.27,12.4,11498125.0,140915067.23
02618.HK,20251118,12.27,12.32,12.03,12.05,12.27,9678128.0,117028819.07
02618.HK,20251119,12.09,12.21,12.07,12.14,12.05,10751035.0,130464051.01
02618.HK,20251120,12.14,12.22,12.06,12.12,12.14,6066560.0,73582417.14
02618.HK,20251121,12.0,12.0,11.82,11.82,12.12,8820354.0,104869502.74
02618.HK,20251124,11.98,12.02,11.83,11.95,11.82,10160353.0,121197501.55
02618.HK,20251125,11.96,12.08,11.95,12.03,11.95,6258077.0,75325133.86
02618.HK,20251126,12.06,12.28,12.06,12.23,12.03,5358940.0,65540911.62
02618.HK,20251127,12.24,12.29,12.17,12.22,12.23,4652577.0,56949192.77
02618.HK,20251128,12.22,12.32,12.17,12.17,12.22,3949249.0,48253723.81
02618.HK,20251201,12.19,12.44,12.19,12.44,12.17,7620160.0,94195901.48
02618.HK,20251202,12.38,12.49,12.35,12.48,12.44,5754572.0,71552507.76
02618.HK,20251203,12.45,12.45,12.23,12.29,12.48,4646009.0,57075619.28
02618.HK,20251204,12.29,12.41,12.23,12.34,12.29,4165252.0,51287417.63
02618.HK,20251205,12.3,12.4,12.28,12.4,12.34,5314092.0,65674188.8
02618.HK,20251208,12.4,12.43,12.12,12.14,12.4,6402454.0,78301973.17
02618.HK,20251209,12.14,12.18,11.97,12.01,12.14,6865434.0,82486835.97
02618.HK,20251210,12.01,12.09,11.92,12.01,12.01,5094067.0,61010338.75
02618.HK,20251211,12.01,12.18,11.97,12.04,12.01,4406259.0,53084866.09
02618.HK,20251212,12.04,12.19,12.0,12.16,12.04,5970153.0,72284110.76
02618.HK,20251215,12.04,12.06,11.95,12.0,12.16,5163194.0,61972635.13
02618.HK,20251216,11.98,12.04,11.65,11.75,12.0,9749547.0,114931518.15
02618.HK,20251217,11.82,11.82,11.66,11.76,11.75,5275263.0,61945118.62
02618.HK,20251218,11.71,11.76,11.57,11.67,11.76,6786135.0,78938053.07
02618.HK,20251219,11.69,11.84,11.65,11.83,11.67,7863742.0,92648208.66
02618.HK,20251222,11.88,11.92,11.66,11.73,11.83,5572829.0,65490346.08
02618.HK,20251223,11.81,11.85,11.75,11.8,11.73,4747064.0,56036047.44
02618.HK,20251224,11.8,11.82,11.69,11.79,11.8,1701897.0,20023644.21
02618.HK,20251229,11.8,11.96,11.55,11.55,11.79,9339088.0,109551141.52
02618.HK,20251230,11.58,11.67,11.48,11.61,11.55,7444739.0,86266843.52
02618.HK,20251231,11.66,11.66,11.41,11.42,11.61,5148134.0,58989990.3
02618.HK,20260102,11.53,11.83,11.42,11.82,11.42,3681793.0,43203783.56
02618.HK,20260105,11.68,11.84,11.63,11.65,11.82,11262922.0,131986227.4
02618.HK,20260106,11.75,11.78,11.63,11.63,11.65,10391189.0,121432052.38
02618.HK,20260107,11.66,11.66,11.47,11.55,11.63,12314379.0,142047664.03
02618.HK,20260108,11.55,11.55,11.16,11.24,11.55,21558987.0,243028510.76
02618.HK,20260109,11.33,11.6,11.24,11.6,11.24,13532131.0,155225968.85
02618.HK,20260112,11.63,11.65,11.5,11.6,11.6,11435243.0,132362948.34
02618.HK,20260113,11.68,11.9,11.68,11.82,11.6,12514367.0,147655514.84
02618.HK,20260114,11.8,11.8,11.57,11.63,11.82,19642682.0,228868338.25
02618.HK,20260115,11.69,11.8,11.54,11.68,11.63,9898630.0,115381450.28
02618.HK,20260116,11.76,11.77,11.48,11.51,11.68,10096105.0,116794785.47
02618.HK,20260119,11.46,11.48,11.27,11.27,11.51,10488259.0,119077597.39
02618.HK,20260120,11.31,11.4,11.26,11.29,11.27,6209103.0,70329895.91
02618.HK,20260121,11.21,11.42,11.2,11.37,11.29,7540723.0,85444376.26
02618.HK,20260122,11.42,11.53,11.39,11.52,11.37,10527619.0,120704991.08
02618.HK,20260123,11.56,11.59,11.35,11.38,11.52,7391913.0,84343999.01
02618.HK,20260126,11.42,11.45,11.21,11.29,11.38,10077822.0,113561933.24
02618.HK,20260127,11.29,11.54,11.29,11.47,11.29,17389356.0,199244369.08
02618.HK,20260128,11.47,11.56,11.4,11.54,11.47,8294121.0,95346458.57
02618.HK,20260129,11.47,11.56,11.36,11.38,11.54,15950424.0,182219475.8
02618.HK,20260130,11.29,11.32,11.13,11.19,11.38,13507441.0,151371780.34
02618.HK,20260202,11.15,11.15,10.83,10.95,11.19,15436787.0,168974488.52
02618.HK,20260203,11.1,11.18,10.86,10.93,10.95,7845784.0,86162518.41
02618.HK,20260204,11.02,11.14,10.9,11.04,10.93,8306613.0,91465345.07
02618.HK,20260205,11.04,11.27,10.94,11.25,11.04,10251365.0,114553643.88
02618.HK,20260206,11.11,11.15,11.04,11.1,11.25,7356081.0,81599769.91
02618.HK,20260209,11.27,11.38,11.2,11.29,11.1,7436270.0,83952091.23
02618.HK,20260210,11.3,11.57,11.3,11.48,11.29,11040179.0,126759002.94
02618.HK,20260211,11.6,11.63,11.46,11.52,11.48,4768790.0,55002228.23
02618.HK,20260212,11.52,11.52,11.31,11.32,11.52,3684490.0,41805262.7
02618.HK,20260213,11.23,11.35,11.17,11.3,11.32,5307777.0,59799828.9
02618.HK,20260216,11.3,11.5,11.11,11.27,11.3,1868417.0,20920573.75
02618.HK,20260220,11.26,11.26,11.08,11.14,11.27,3731678.0,41634711.24
02618.HK,20260223,11.24,11.64,11.21,11.52,11.14,4994531.0,57590784.21
02618.HK,20260224,11.42,11.46,11.18,11.28,11.52,9586581.0,107959696.73
02618.HK,20260225,11.33,11.48,11.27,11.29,11.28,5550933.0,63093378.07
02618.HK,20260226,11.35,11.44,11.07,11.07,11.29,9794878.0,109288070.01
02618.HK,20260227,11.09,11.23,11.06,11.17,11.07,11506777.0,128317283.35
02618.HK,20260302,10.99,11.02,10.82,10.85,11.17,11151699.0,121705246.65
02618.HK,20260303,10.9,11.0,10.65,10.71,10.85,10038413.0,107914629.57
02618.HK,20260304,10.7,10.7,10.31,10.45,10.71,14266478.0,148958810.82
02618.HK,20260305,10.51,10.58,10.2,10.27,10.45,13116024.0,135731897.4
02618.HK,20260306,10.93,12.66,10.9,12.63,10.27,114613462.0,1385900006.83
02618.HK,20260309,12.02,12.88,12.0,12.83,12.63,37101020.0,466787234.8
02618.HK,20260310,12.96,13.58,12.87,13.29,12.83,45057993.0,600498887.45
02618.HK,20260311,13.29,13.7,13.25,13.63,13.29,32088883.0,436076438.04
02618.HK,20260312,13.63,14.2,13.56,14.2,13.63,36274085.0,509631370.67
02618.HK,20260313,14.0,14.25,13.52,13.64,14.2,28493558.0,393818850.19
02618.HK,20260316,13.58,13.87,13.38,13.54,13.64,14210757.0,193530587.43
02618.HK,20260317,13.57,14.19,13.56,14.0,13.54,21666931.0,303412994.83
02618.HK,20260318,13.99,14.49,13.81,14.41,14.0,21632415.0,311025244.07
02618.HK,20260319,14.2,14.33,14.05,14.13,14.41,13722308.0,194199013.6
02618.HK,20260320,14.11,14.17,13.79,13.94,14.13,14655475.0,204833819.68
02618.HK,20260323,13.75,13.75,13.28,13.48,13.94,19165761.0,257770264.08
02618.HK,20260324,13.69,13.87,13.27,13.8,13.48,11932442.0,162540069.01
02618.HK,20260325,14.0,14.14,13.56,13.83,13.8,10071777.0,139878532.71
02618.HK,20260326,14.0,14.0,13.73,13.86,13.83,10230935.0,141716358.82
02618.HK,20260327,13.78,14.18,13.6,13.99,13.86,10504839.0,147423402.53
02618.HK,20260330,13.66,13.77,13.46,13.6,13.99,7887913.0,107053630.44
02618.HK,20260331,13.74,13.9,13.5,13.65,13.6,10896323.0,148677532.43
02618.HK,20260401,14.0,14.25,13.8,14.14,13.65,16613169.0,234123020.76
02618.HK,20260402,14.1,14.35,14.0,14.12,14.14,13446526.0,189602702.95
02618.HK,20260408,14.5,14.8,14.1,14.41,14.12,23791730.0,343770519.99
02618.HK,20260409,14.41,14.6,14.21,14.45,14.41,16749322.0,242094987.95
02618.HK,20260410,14.45,14.58,14.28,14.44,14.45,13902186.0,201314062.28
02618.HK,20260413,14.32,14.49,14.24,14.44,14.44,5589961.0,80514468.3
02618.HK,20260414,15.0,15.6,14.96,15.27,14.44,27017437.0,411856011.61
02618.HK,20260415,15.5,15.84,15.38,15.55,15.27,17277952.0,270224371.82
02618.HK,20260416,15.7,15.97,15.55,15.95,15.55,19737028.0,313017792.9
02618.HK,20260417,15.9,16.0,15.71,15.87,15.95,12691379.0,200803702.76
02618.HK,20260420,15.78,15.8,15.38,15.43,15.87,12168960.0,189501769.84
02618.HK,20260421,15.43,15.68,15.34,15.54,15.43,15239180.0,236575692.12
02618.HK,20260422,15.54,15.63,15.38,15.59,15.54,8510783.0,132324685.75
02618.HK,20260423,15.39,15.51,15.18,15.4,15.59,10794821.0,165265852.77
02618.HK,20260424,15.42,15.42,15.0,15.14,15.4,4815398.0,72732484.77
02618.HK,20260427,15.22,15.44,15.02,15.09,15.14,5919692.0,89817262.36
02618.HK,20260428,15.31,15.31,15.0,15.21,15.09,7179731.0,108632327.97
02618.HK,20260429,15.38,15.5,15.21,15.43,15.21,8563450.0,132117214.49
02618.HK,20260430,15.42,15.42,15.05,15.1,15.43,9795131.0,148326879.66
02618.HK,20260504,15.44,15.44,15.11,15.13,15.1,4181936.0,63716236.13
02618.HK,20260505,15.02,15.3,14.86,15.24,15.13,4695923.0,71017162.24
02618.HK,20260506,15.36,15.4,14.79,15.0,15.24,10112082.0,151587694.07
